id_Social;any;data;hora;idEstructura;;;;;;;;
1;2019;09/10/2019;NA;RocaGuilla;;;;;;;;
2;2019;09/10/2019;NA;RocaGuilla;;;;;;;;
3;2019;09/10/2019;10:49;RocaGuilla;;;;;;;;
4;2019;09/10/2019;11:00;Palmero;;;;;;;;
5;2019;09/10/2019;11:16;PlaRoquis;;;;;;;;
6;2019;09/10/2019;11:35;PlaRoquis;;;;;;;;
7;2020;15/01/2020;NA;RocaGuilla;;;;;;;;
8;2020;15/01/2020;12:17;Ivars;;;;;;;;
9;2020;15/01/2020;12:42;Ivars;;;;;;;;
10;2020;29/04/2020;9:30;TossalRodo;;;;;;;;
11;2020;29/04/2020;10:15;StaBarbara;;;;;;;;
12;2020;29/04/2020;11:10;OsBalaguer;;;;;;;;
13;2020;29/04/2020;11:30;OsBalaguer;;;;;;;;
14;2020;29/04/2020;NA;Ivars;;;;;;;;
15;2020;29/04/2020;11:51;Ivars;;;;;;;;
16;2020;29/04/2020;12:12;Ivars;;;;;;;;
17;2020;29/04/2020;13:10;RocaGuilla;;;;;;;;
18;2020;29/04/2020;14:00;Palmero;;;;;;;;
19;2020;29/04/2020;16:18;PlaRoquis;;;;;;;;
20;2020;29/04/2020;17:40;Biscarri;;;;;;;;
21;2020;06/05/2020;9:15;TossalRodo;;;;;;;;
22;2020;06/05/2020;9:59;OsBalaguer;;;;;;;;
23;2020;06/05/2020;10:30;Cantaperdius;;;;;;;;
24;2020;06/05/2020;11:21;Ivars;;;;;;;;
25;2020;06/05/2020;12:20;ValldelsPous;;;;;;;;
26;2020;06/05/2020;12:48;PlaRoquis;;;;;;;;
27;2020;06/05/2020;13:36;Palmero;;;;;;;;
28;2020;06/05/2020;17:06;Rabinat;;;;;;;;
29;2020;13/05/2020;10:00;TossalRodo;;;;;;;;
30;2020;13/05/2020;11:00;OsBalaguer;;;;;;;;
31;2020;13/05/2020;11:43;Ivars;;;;;;;;
32;2020;13/05/2020;13:07;RocaGuilla;;;;;;;;
33;2020;13/05/2020;14:00;Palmero;;;;;;;;
34;2020;13/05/2020;14:24;PlaRoquis;;;;;;;;
35;2020;13/05/2020;16:02;TossalFonta;;;;;;;;
36;2020;18/05/2020;8:35;TossalFonta;;;;;;;;
37;2020;18/05/2020;9:55;MasMel12;;;;;;;;
38;2020;18/05/2020;9:57;PlaRoquis;;;;;;;;
39;2020;18/05/2020;10:32;Palmero;;;;;;;;
40;2020;18/05/2020;12:41;Ivars;;;;;;;;
41;2020;18/05/2020;13:29;OsBalaguer;;;;;;;;
42;2020;18/05/2020;14:10;TossalRodo;;;;;;;;
43;2020;27/05/2020;9:08;RocaGuilla;;;;;;;;
44;2020;27/05/2020;9:08;RocaGuilla;;;;;;;;
45;2020;27/05/2020;10:20;Palmero;;;;;;;;
46;2020;27/05/2020;11:20;PlaRoquis;;;;;;;;
47;2020;27/05/2020;12:39;Ivars;;;;;;;;
48;2020;27/05/2020;13:20;Cantaperdius;;;;;;;;
49;2020;27/05/2020;14:58;TossalRodo;;;;;;;;
50;2020;28/05/2020;12:00;Ermitans;;;;;;;;
51;2020;28/05/2020;13:00;Cadolles;;;;;;;;
52;2020;28/05/2020;13:56;Montrepos;;;;;;;;
53;2020;28/05/2020;14:21;Biscarri;;;;;;;;
54;2020;28/05/2020;15:20;TossalFonta;;;;;;;;
55;2020;28/05/2020;16:10;Rabinat;;;;;;;;
56;2020;03/06/2020;10:00;TossalRodo;;;;;;;;
57;2020;03/06/2020;11:20;Ivars;;;;;;;;
58;2020;04/06/2020;9:04;ValldelsPous;;;;;;;;
59;2020;04/06/2020;13:30;PlaRoquis;;;;;;;;
60;2020;09/06/2020;8:46;Rabinat;;;;;;;;
61;2020;09/06/2020;11:45;RocaGuilla;;;;;;;;
62;2020;09/06/2020;11:23;Juneda;;;;;;;;
63;2020;11/06/2020;8:26;Cadolles;;;;;;;;
64;2020;11/06/2020;11:20;TossalRodo;;;;;;;;
65;2020;17/06/2020;9:05;Rabinat;;;;;;;;
66;2020;17/06/2020;10:10;TossalFonta;;;;;;;;
67;2020;17/06/2020;12:15;RocaGuilla;;;;;;;;
68;2020;17/06/2020;15:53;Palmero;;;;;;;;
69;2020;17/06/2020;17:12;PlaRoquis;;;;;;;;
70;2020;19/06/2020;8:40;Cadolles;;;;;;;;
71;2020;19/06/2020;10:22;TossalRodo;;;;;;;;
72;2020;19/06/2020;11:45;Ivars;;;;;;;;
73;2020;19/06/2020;10:23;RocaGuilla;;;;;;;;
74;2020;19/06/2020;12:40;PlaRoquis;;;;;;;;
75;2020;25/06/2020;8:28;SioBassaNova;;;;;;;;
76;2020;25/06/2020;9:10;SioAiguet;;;;;;;;
77;2020;25/06/2020;9:44;SioFontQueralt;;;;;;;;
78;2020;25/06/2020;10:42;SioPlantaEspigolCentre;;;;;;;;
79;2020;25/06/2020;11:14;SioMasiaGravatN;;;;;;;;
80;2020;25/06/2020;11:32;SioMasiaGravatS;;;;;;;;
81;2020;25/06/2020;11:42;SioMasRoigN;;;;;;;;
82;2020;25/06/2020;11:56;SioMasRoigS;;;;;;;;
83;2020;25/06/2020;12:18;SioGrup3O;;;;;;;;
84;2020;25/06/2020;12:18;SioGrup3M;;;;;;;;
85;2020;25/06/2020;12:18;SioGrup3E;;;;;;;;
86;2020;25/06/2020;12:40;SioGrup2O;;;;;;;;
87;2020;25/06/2020;12:40;SioGrup2E;;;;;;;;
88;2020;25/06/2020;13:05;Agramunt2Donzell;;;;;;;;
89;2020;25/06/2020;13:23;SioMonolitN;;;;;;;;
90;2020;25/06/2020;13:51;Montclar;;;;;;;;
91;2020;25/06/2020;14:52;Bellmunt1;;;;;;;;
92;2020;25/06/2020;15:26;Bellmunt2;;;;;;;;
93;2020;25/06/2020;15:33;Bellmunt4;;;;;;;;
94;2020;25/06/2020;15:40;Bellmunt24;;;;;;;;
95;2020;25/06/2020;16:19;Bellmunt8;;;;;;;;
96;2020;25/06/2020;16:38;Bellmunt7;;;;;;;;
97;2020;25/06/2020;16:45;Bellmunt11;;;;;;;;
98;2020;25/06/2020;16:56;Bellmunt12;;;;;;;;
99;2020;30/06/2020;8:47;Cadolles;;;;;;;;
100;2020;30/06/2020;10:19;TossalRodo;;;;;;;;
101;2020;30/06/2020;10:45;OsBalaguer;;;;;;;;
102;2020;30/06/2020;11:10;Ivars;;;;;;;;
103;2020;30/06/2020;12:18;RocaGuilla;;;;;;;;
104;2020;30/06/2020;12:58;Palmero;;;;;;;;
105;2020;30/06/2020;13:20;ValldelsPous;;;;;;;;
106;2020;30/06/2020;13:38;PlaRoquis;;;;;;;;
107;2020;30/06/2020;15:05;TossalFonta;;;;;;;;
108;2020;30/06/2020;15:39;Rabinat;;;;;;;;
109;2021;03/02/2021;9:20;RocaGuilla;;;;;;;;
110;2021;03/02/2021;10:30;Palmero;;;;;;;;
111;2021;03/02/2021;10:58;MasMelValldelsPous;;;;;;;;
112;2021;03/02/2021;12:06;PlaRoquis;;;;;;;;
113;2021;03/02/2021;12:36;PlaRoquis;;;;;;;;
114;2021;03/02/2021;12:47;MasMel12;;;;;;;;
115;2021;03/02/2021;13:53;carretera MasMelons;;;;;;;;
116;2021;03/02/2021;14:50;Abocador Montoliu;;;;;;;;
117;2021;11/02/2021;9:15;TossalRodo;;;;;;;;
118;2021;11/02/2021;9:20;TossalRodo;;;;;;;;
119;2021;11/02/2021;9:29;TossalRodo;;;;;;;;
120;2021;11/02/2021;9:33;TossalRodo;;;;;;;;
121;2021;11/02/2021;9:39;camp;;;;;;;;
122;2021;11/02/2021;10:00;casa abandonada OsBalaguer;;;;;;;;
123;2021;11/02/2021;10:02;OsBalaguer;;;;;;;;
124;2021;11/02/2021;10:26;OsBalaguer;;;;;;;;
125;2021;11/02/2021;10:44;Ivars;;;;;;;;
126;2021;11/02/2021;10:44;Ivars;;;;;;;;
127;2021;11/02/2021;11:10;Ivars;;;;;;;;
128;2021;11/02/2021;11:10;Ivars;;;;;;;;
129;2021;11/02/2021;12:00;RocaGuilla;;;;;;;;
130;2021;11/02/2021;12:00;RocaGuilla;;;;;;;;
131;2021;11/02/2021;12:00;RocaGuilla;;;;;;;;
132;2021;11/02/2021;12:34;RocaGuilla;;;;;;;;
133;2021;11/02/2021;13:00;Palmero;;;;;;;;
134;2021;11/02/2021;13:10;Palmero;;;;;;;;
135;2021;11/02/2021;14:00;MasMelValldelsPous;;;;;;;;
136;2021;11/02/2021;14:20;ValldelsPous;;;;;;;;
137;2021;11/02/2021;14:40;PlaRoquis;;;;;;;;
138;2021;11/02/2021;15:26;gravera Bellpuig;;;;;;;;
139;2021;11/02/2021;NA;Montrepos;;;;;;;;
140;2021;11/02/2021;NA;casa abandonada Montrepos;;;;;;;;
141;2021;11/02/2021;16:00;Biscarri;;;;;;;;
142;2021;11/02/2021;16:40;TossalFonta;;;;;;;;
143;2021;18/02/2021;8:50;gravera Bellpuig;;;;;;;;
144;2021;18/02/2021;9:00;casa abandonada Montrepos;;;;;;;;
145;2021;18/02/2021;9:13;Montrepos;;;;;;;;
146;2021;18/02/2021;NA;BelpreixanaMontreposNW;;;;;;;;
147;2021;18/02/2021;9:35;casa abandonada Montrepos;;;;;;;;
148;2021;18/02/2021;9:45;casa abandonada Montrepos;;;;;;;;
149;2021;18/02/2021;9:56;BelpreixanaMontreposNW;;;;;;;;
150;2021;18/02/2021;10:26;camí a Biscarri;;;;;;;;
151;2021;18/02/2021;10:35;Biscarri;;;;;;;;
152;2021;18/02/2021;11:12;TossalFonta;;;;;;;;
153;2021;18/02/2021;11:31;casa abandonada TossalFonta;;;;;;;;
154;2021;18/02/2021;NA;BelpreixanaCabanaCaçadors;;;;;;;;
155;2021;18/02/2021;11:14;TossalFonta;;;;;;;;
156;2021;18/02/2021;11:36;Rabinat;;;;;;;;
157;2021;18/02/2021;NA;BelpreixanaMolars;;;;;;;;
158;2021;18/02/2021;12:17;Rabinat;;;;;;;;
159;2021;18/02/2021;13:14;PlaRoquis;;;;;;;;
160;2021;18/02/2021;14:22;MasMelValldelsPous;;;;;;;;
161;2021;18/02/2021;NA;ValldelsPous;;;;;;;;
162;2021;18/02/2021;14:48;Palmero;;;;;;;;
163;2021;18/02/2021;14:59;RocaGuilla;;;;;;;;
164;2021;23/02/2021;9:40;MasMelValldelsPous;;;;;;;;
165;2021;23/02/2021;9:57;ValldelsPous;;;;;;;;
166;2021;23/02/2021;10:12;ValldelsPous;;;;;;;;
167;2021;23/02/2021;11:23;PlaRoquis;;;;;;;;
168;2021;23/02/2021;11:35;Palmero;;;;;;;;
169;2021;23/02/2021;NA;MasMelZonaAstor;;;;;;;;
170;2021;23/02/2021;12:04;RocaGuilla;;;;;;;;
171;2021;23/02/2021;12:44;RocaGuilla;;;;;;;;
172;2021;23/02/2021;14:41;Ivars;;;;;;;;
173;2021;23/02/2021;14:53;Cantaperdius;;;;;;;;
174;2021;23/02/2021;15:14;StaBarbara;;;;;;;;
175;2021;23/02/2021;15:35;TossalRodo;;;;;;;;
176;2021;23/02/2021;16:10;Cadolles;;;;;;;;
177;2021;23/02/2021;16:16;Cadolles;;;;;;;;
178;2021;02/03/2021;8:47;Cadolles;;;;;;;;
179;2021;02/03/2021;9:45;TossalRodo;;;;;;;;
180;2021;02/03/2021;9:55;TossalRodo;;;;;;;;
181;2021;02/03/2021;10:12;OsBalaguer;;;;;;;;
182;2021;02/03/2021;10:32;Cantaperdius;;;;;;;;
183;2021;02/03/2021;10:43;StaBarbara;;;;;;;;
184;2021;02/03/2021;11:19;Ivars;;;;;;;;
185;2021;02/03/2021;12:30;RocaGuilla;;;;;;;;
186;2021;02/03/2021;13:10;bassa Astor;;;;;;;;
187;2021;02/03/2021;NA;bassa Astor;;;;;;;;
188;2021;02/03/2021;13:57;bassa Astor;;;;;;;;
189;2021;02/03/2021;14:09;Palmero;;;;;;;;
190;2021;02/03/2021;14:43;MasMelValldelsPous;;;;;;;;
191;2021;02/03/2021;14:54;ValldelsPous;;;;;;;;
192;2021;02/03/2021;15:16;PlaRoquis;;;;;;;;
193;2021;09/03/2021;9:00;Rabinat;;;;;;;;
194;2021;09/03/2021;10:15;TossalFonta;;;;;;;;
195;2021;09/03/2021;10:23;BelpreixanaCabanaCaçadors;;;;;;;;
196;2021;09/03/2021;NA;gravera Bellpuig;;;;;;;;
197;2021;09/03/2021;11:16;casa abandonada Montrepos;;;;;;;;
198;2021;09/03/2021;11:33;Montrepos;;;;;;;;
199;2021;09/03/2021;12:15;gravera Bellpuig;;;;;;;;
200;2021;09/03/2021;12:36;camí a Biscarri;;;;;;;;
201;2021;09/03/2021;13:30;Biscarri;;;;;;;;
202;2021;09/03/2021;15:03;Montrepos;;;;;;;;
203;2021;09/03/2021;15:30;BelpreixanaMontreposNW;;;;;;;;
204;2021;16/03/2021;9:20;MasMelValldelsPous;;;;;;;;
205;2021;16/03/2021;9:29;ValldelsPous;;;;;;;;
206;2021;16/03/2021;10:54;RocaGuilla;;;;;;;;
207;2021;16/03/2021;11:42;RocaGuilla;;;;;;;;
208;2021;16/03/2021;12:18;PlaRoquis;;;;;;;;
209;2021;16/03/2021;15:24;Astor;;;;;;;;
210;2021;16/03/2021;15:34;Palmero;;;;;;;;
211;2021;16/03/2021;16:00;RocaGuilla;;;;;;;;
212;2021;16/03/2021;17:00;Astor;;;;;;;;
213;2021;16/03/2021;17:27;Palmero;;;;;;;;
214;2021;23/03/2021;8:37;Cadolles;;;;;;;;
215;2021;23/03/2021;9:50;TossalRodo;;;;;;;;
216;2021;23/03/2021;10:28;OsBalaguer;;;;;;;;
217;2021;23/03/2021;NA;canyissar;;;;;;;;
218;2021;23/03/2021;11:00;Cantaperdius;;;;;;;;
219;2021;23/03/2021;11:15;StaBarbara;;;;;;;;
220;2021;23/03/2021;11:41;Ivars;;;;;;;;
221;2021;23/03/2021;13:16;gravera Bellpuig;;;;;;;;
222;2021;23/03/2021;NA;Montrepos;;;;;;;;
223;2021;23/03/2021;13:55;BelpreixanaMontreposNW;;;;;;;;
224;2021;23/03/2021;14:18;gravera Bellpuig;;;;;;;;
225;2021;23/03/2021;NA;Biscarri;;;;;;;;
226;2021;23/03/2021;15:22;BelpreixanaMontalba;;;;;;;;
227;2021;23/03/2021;15:34;BelpreixanaSocarrades;;;;;;;;
228;2021;23/03/2021;NA;casa abandonada TossalFonta;;;;;;;;
229;2021;23/03/2021;15:47;TossalFonta;;;;;;;;
230;2021;23/03/2021;16:09;Rabinat;;;;;;;;
231;2021;23/03/2021;16:44;BelpreixanaMolars;;;;;;;;
232;2021;23/03/2021;17:08;Rabinat;;;;;;;;
233;2021;23/03/2021;NA;BelpreixanaCabanaCaçadors;;;;;;;;
234;2021;23/03/2021;17:40;BelpreixanaSocarrades;;;;;;;;
235;2021;23/03/2021;17:51;BelpreixanaBarquera;;;;;;;;
236;2021;30/03/2021;10:15;MasMelValldelsPous;;;;;;;;
237;2021;30/03/2021;10:21;ValldelsPous;;;;;;;;
238;2021;30/03/2021;NA;ValldelsPous;;;;;;;;
239;2021;30/03/2021;NA;ValldelsPous;;;;;;;;
240;2021;30/03/2021;11:08;PlaRoquis;;;;;;;;
241;2021;30/03/2021;12:12;RocaGuilla;;;;;;;;
242;2021;30/03/2021;12:50;Palmero;;;;;;;;
243;2021;30/03/2021;NA;Astor;;;;;;;;
244;2021;30/03/2021;14:40;Biscarri;;;;;;;;
245;2021;30/03/2021;15:44;TossalFonta;;;;;;;;
246;2021;30/03/2021;NA;TossalFonta;;;;;;;;
247;2021;30/03/2021;16:00;Rabinat;;;;;;;;
248;2021;06/04/2021;8:46;Cadolles;;;;;;;;
249;2021;06/04/2021;9:50;TossalRodo;;;;;;;;
250;2021;06/04/2021;10:25;OsBalaguer;;;;;;;;
251;2021;06/04/2021;10:55;Cantaperdius;;;;;;;;
252;2021;06/04/2021;11:30;StaBarbara;;;;;;;;
253;2021;06/04/2021;11:50;Ivars;;;;;;;;
254;2021;06/04/2021;13:40;MasMelValldelsPous;;;;;;;;
255;2021;06/04/2021;NA;ValldelsPous;;;;;;;;
256;2021;06/04/2021;14:08;PlaRoquis;;;;;;;;
257;2021;06/04/2021;15:15;Palmero;;;;;;;;
258;2021;06/04/2021;15:40;RocaGuilla;;;;;;;;
259;2021;10/04/2021;10:49;MasMelValldelsPous;;;;;;;;
260;2021;10/04/2021;NA;ValldelsPous;;;;;;;;
261;2021;10/04/2021;11:40;PlaRoquis;;;;;;;;
262;2021;10/04/2021;12:20;MasMel12;;;;;;;;
263;2021;10/04/2021;13:09;Palmero;;;;;;;;
264;2021;10/04/2021;16:00;RocaGuilla;;;;;;;;
265;2021;10/04/2021;NA;RocaGuilla;;;;;;;;
266;2021;13/04/2021;8:50;casa abandonada gravera Montrepos;;;;;;;;
267;2021;13/04/2021;8:58;gravera Bellpuig;;;;;;;;
268;2021;13/04/2021;NA;casa abandonada gravera Montrepos;;;;;;;;
269;2021;13/04/2021;NA;casa abandonada Montrepos;;;;;;;;
270;2021;13/04/2021;NA;Montrepos;;;;;;;;
271;2021;13/04/2021;NA;BelpreixanaMontreposNW;;;;;;;;
272;2021;13/04/2021;10:54;Montrepos;;;;;;;;
273;2021;13/04/2021;11:23;Biscarri;;;;;;;;
274;2021;13/04/2021;13:10;BelpreixanaMontalba;;;;;;;;
275;2021;13/04/2021;NA;BelpreixanaSocarrades;;;;;;;;
276;2021;13/04/2021;NA;BelpreixanaCabanaCaçadors;;;;;;;;
277;2021;13/04/2021;NA;TossalFonta;;;;;;;;
278;2021;13/04/2021;NA;TossalFonta;;;;;;;;
279;2021;13/04/2021;NA;BelpreixanaMolars;;;;;;;;
280;2021;13/04/2021;NA;BelpreixanaDevesa;;;;;;;;
281;2021;13/04/2021;NA;BelpreixanaDevesa;;;;;;;;
282;2021;13/04/2021;15:10;BelpreixanaPedreres;;;;;;;;
283;2021;13/04/2021;15:30;BelpreixanaBarquera;;;;;;;;
284;2021;13/04/2021;NA;granja FondoStJulia;;;;;;;;
285;2021;13/04/2021;15:54;cabanes Biscarri;;;;;;;;
286;2021;13/04/2021;NA;Montrepos;;;;;;;;
287;2021;13/04/2021;NA;casa abandonada Montrepos;;;;;;;;
288;2021;13/04/2021;NA;Montrepos;;;;;;;;
289;2021;20/04/2021;9:16;MasMelValldelsPous;;;;;;;;
290;2021;20/04/2021;NA;ValldelsPous;;;;;;;;
291;2021;20/04/2021;10:13;Palmero;;;;;;;;
292;2021;20/04/2021;10:49;PlaRoquis;;;;;;;;
293;2021;20/04/2021;11:07;Astor;;;;;;;;
294;2021;20/04/2021;NA;granja Astor;;;;;;;;
295;2021;20/04/2021;NA;MasMelTimoneda;;;;;;;;
296;2021;20/04/2021;11:50;RocaGuilla;;;;;;;;
297;2021;20/04/2021;14:11;Biscarri;;;;;;;;
298;2021;20/04/2021;14:35;BelpreixanaSocarrades;;;;;;;;
299;2021;20/04/2021;NA;BelpreixanaCabanaCaçadors;;;;;;;;
300;2021;20/04/2021;14:52;TossalFonta;;;;;;;;
301;2021;22/04/2021;8:37;Cadolles;;;;;;;;
302;2021;22/04/2021;NA;TossalRodo;;;;;;;;
303;2021;22/04/2021;10:00;Cantaperdius;;;;;;;;
304;2021;22/04/2021;10:46;StaBarbara;;;;;;;;
305;2021;22/04/2021;NA;OsBalaguer;;;;;;;;
306;2021;22/04/2021;11:49;Ivars;;;;;;;;
307;2021;27/04/2021;10:12;OsBalaguer;;;;;;;;
308;2021;27/04/2021;10:30;Cantaperdius;;;;;;;;
309;2021;27/04/2021;10:53;Ivars;;;;;;;;
310;2021;27/04/2021;11:50;LesQuadres;;;;;;;;
311;2021;27/04/2021;13:35;Cadolles;;;;;;;;
312;2021;27/04/2021;13:50;granja Cadolles;;;;;;;;
313;2021;27/04/2021;14:00;Caserna;;;;;;;;
314;2021;27/04/2021;NA;Bellmunt22;;;;;;;;
315;2021;27/04/2021;NA;Bellmunt23;;;;;;;;
316;2021;27/04/2021;14:49;Bellmunt21;;;;;;;;
317;2021;27/04/2021;NA;Bellmunt19;;;;;;;;
318;2021;27/04/2021;NA;Bellmunt16;;;;;;;;
319;2021;27/04/2021;NA;Bellmunt15;;;;;;;;
320;2021;27/04/2021;NA;Bellmunt12;;;;;;;;
321;2021;27/04/2021;15:42;carretera c-53;;;;;;;;
322;2021;28/04/2021;9:00;ValldelsPous;;;;;;;;
323;2021;28/04/2021;9:41;PlaRoquis;;;;;;;;
324;2021;28/04/2021;NA;MasMel12;;;;;;;;
325;2021;28/04/2021;10:27;Palmero;;;;;;;;
326;2021;28/04/2021;11:04;RocaGuilla;;;;;;;;
327;2021;28/04/2021;11:04;RocaGuilla;;;;;;;;
328;2021;28/04/2021;11:04;RocaGuilla;;;;;;;;
329;2021;28/04/2021;13:01;Montrepos;;;;;;;;
330;2021;28/04/2021;13:28;Montrepos;;;;;;;;
331;2021;28/04/2021;13:38;Biscarri;;;;;;;;
332;2021;28/04/2021;14:18;TossalFonta;;;;;;;;
333;2021;28/04/2021;14:36;Rabinat;;;;;;;;
334;2021;04/05/2021;14:23;BelpreixanaMontreposNW;;;;;;;;
335;2021;11/05/2021;9:39;RocaGuilla;;;;;;;;
336;2021;11/05/2021;11:18;granja ValldelsPous;;;;;;;;
337;2021;11/05/2021;11:30;Palmero;;;;;;;;
338;2021;11/05/2021;12:49;TossalRodo;;;;;;;;
339;2021;11/05/2021;15:18;StaBarbara;;;;;;;;
340;2021;12/05/2021;9:00;TossalRodo;;;;;;;;
341;2021;12/05/2021;NA;Caserna;;;;;;;;
342;2021;12/05/2021;NA;TossalFonta;;;;;;;;
343;2021;13/05/2021;NA;ValldelsPous;;;;;;;;
344;2021;13/05/2021;7:50;PlaRoquis;;;;;;;;
345;2021;13/05/2021;8:20;Palmero;;;;;;;;
346;2021;13/05/2021;9:00;RocaGuilla;;;;;;;;
347;2021;13/05/2021;10:25;Bellmunt1;;;;;;;;
348;2021;13/05/2021;NA;Bellmunt2;;;;;;;;
349;2021;13/05/2021;11:30;Bellmunt11;;;;;;;;
350;2021;13/05/2021;12:25;Bellmunt15;;;;;;;;
351;2021;13/05/2021;12:41;Bellmunt12;;;;;;;;
352;2021;13/05/2021;12:50;Bellmunt19;;;;;;;;
353;2021;13/05/2021;13:27;Bellmunt21;;;;;;;;
354;2021;13/05/2021;15:20;BelpreixanaSocarrades;;;;;;;;
355;2021;13/05/2021;17:10;BelpreixanaDevesa;;;;;;;;
356;2021;18/05/2021;11:49;Montrepos;;;;;;;;
357;2021;18/05/2021;12:35;Biscarri;;;;;;;;
358;2021;18/05/2021;16:28;BelpreixanaFondoStJulia;;;;;;;;
359;2021;18/05/2021;17:15;BelpreixanaBarquera;;;;;;;;
360;2021;18/05/2021;17:37;BelpreixanaCabanaCaçadors;;;;;;;;
361;2021;18/05/2021;17:56;BelpreixanaPedreres;;;;;;;;
362;2021;18/05/2021;NA;BelpreixanaSocarrades;;;;;;;;
363;2021;18/05/2021;NA;BelpreixanaArbequi;;;;;;;;
364;2021;19/05/2021;8:00;Cadolles;;;;;;;;
365;2021;19/05/2021;9:04;BellmuntAgramuntE;;;;;;;;
366;2021;19/05/2021;9:04;BellmuntAgramuntO;;;;;;;;
367;2021;19/05/2021;NA;BellmuntTrepatBaixO;;;;;;;;
368;2021;19/05/2021;NA;LesQuadres;;;;;;;;
369;2021;19/05/2021;12:20;TossalRodo;;;;;;;;
370;2021;19/05/2021;13:37;OsBalaguer;;;;;;;;
371;2021;19/05/2021;14:17;Cantaperdius;;;;;;;;
372;2021;19/05/2021;15:00;StaBarbara;;;;;;;;
373;2021;19/05/2021;15:05;Ivars;;;;;;;;
374;2021;19/05/2021;17:00;Palmero;;;;;;;;
375;2021;20/05/2021;NA;Bellmunt19;;;;;;;;
376;2021;24/05/2021;9:04;BellmuntAgramuntE;;;;;;;;
377;2021;24/05/2021;9:28;BellmuntAgramuntO;;;;;;;;
378;2021;24/05/2021;12:55;BellmuntTrepatBaixO;;;;;;;;
379;2021;24/05/2021;14:10;Bellmunt22;;;;;;;;
380;2021;24/05/2021;15:27;Bellmunt16;;;;;;;;
381;2021;24/05/2021;16:36;Bellmunt15;;;;;;;;
382;2021;25/05/2021;12:00;BelpreixanaMontreposNW;;;;;;;;
383;2021;25/05/2021;12:24;BelpreixanaArbequi;;;;;;;;
384;2021;25/05/2021;12:50;BelpreixanaCanal;;;;;;;;
385;2021;25/05/2021;13:15;BelpreixanaMontalba;;;;;;;;
386;2021;25/05/2021;13:25;BelpreixanaBarquera;;;;;;;;
387;2021;25/05/2021;14:15;BelpreixanaSocarrades;;;;;;;;
388;2021;25/05/2021;14:26;BelpreixanaFondoStJulia;;;;;;;;
389;2021;25/05/2021;15:33;BelpreixanaPedreres;;;;;;;;
390;2021;01/06/2021;8:06;MasMelValldelsPous;;;;;;;;
391;2021;01/06/2021;7:45;ValldelsPous;;;;;;;;
392;2021;01/06/2021;11:38;RocaGuilla;;;;;;;;
393;2021;01/06/2021;15:54;casa abandonada Montrepos;;;;;;;;
394;2021;01/06/2021;16:26;BelpreixanaMontreposNW;;;;;;;;
395;2021;01/06/2021;16:32;camp;;;;;;;;
396;2021;01/06/2021;16:55;TossalFonta;;;;;;;;
397;2021;01/06/2021;18:36;BelpreixanaMontalba;;;;;;;;
398;2021;02/06/2021;8:34;TossalRodo;;;;;;;;
399;2021;02/06/2021;9:42;OsBalaguer;;;;;;;;
400;2021;02/06/2021;10:06;Cantaperdius;;;;;;;;
401;2021;02/06/2021;10:40;StaBarbara;;;;;;;;
402;2021;02/06/2021;10:59;Ivars;;;;;;;;
403;2021;02/06/2021;NA;Cadolles;;;;;;;;
404;2021;02/06/2021;14:16;Bellmunt11;;;;;;;;
405;2021;02/06/2021;14:35;Bellmunt12;;;;;;;;
406;2021;02/06/2021;14:50;Bellmunt15;;;;;;;;
407;2021;02/06/2021;15:03;Bellmunt16;;;;;;;;
408;2021;02/06/2021;15:22;Bellmunt21;;;;;;;;
409;2021;02/06/2021;18:20;PlaRoquis;;;;;;;;
410;2021;02/06/2021;19:02;ValldelsPous;;;;;;;;
411;2021;03/06/2021;7:16;Palmero;;;;;;;;
412;2021;03/06/2021;7:39;RocaGuilla;;;;;;;;
413;2021;03/06/2021;9:28;Montrepos;;;;;;;;
414;2021;03/06/2021;9:39;BelpreixanaMontreposNW;;;;;;;;
415;2021;03/06/2021;10:09;BelpreixanaCanal;;;;;;;;
416;2021;03/06/2021;10:43;BelpreixanaSocarrades;;;;;;;;
417;2021;03/06/2021;10:57;BelpreixanaCabanaCaçadors;;;;;;;;
418;2021;03/06/2021;11:05;BelpreixanaCabanaCaçadors;;;;;;;;
419;2021;03/06/2021;11:10;TossalFonta;;;;;;;;
420;2021;03/06/2021;12:10;BelpreixanaDevesa;;;;;;;;
421;2021;03/06/2021;12:10;BelpreixanaDevesa;;;;;;;;
422;2021;03/06/2021;12:25;BelpreixanaPedreres;;;;;;;;
423;2021;03/06/2021;13:25;BelpreixanaMolars;;;;;;;;
424;2021;03/06/2021;14:52;Cadolles;;;;;;;;
425;2021;03/06/2021;15:58;Bellmunt22;;;;;;;;
426;2021;03/06/2021;16:32;BellmuntTrepatBaixO;;;;;;;;
427;2021;07/06/2021;9:17;casa abandonada Montrepos;;;;;;;;
428;2021;07/06/2021;11:23;Rabinat;;;;;;;;
429;2021;07/06/2021;18:12;RocaGuilla;;;;;;;;
430;2021;08/06/2021;14:12;Palmero;;;;;;;;
431;2021;17/06/2021;NA;RocaGuilla;;;;;;;;
432;2021;17/06/2021;10:29;Palmero;;;;;;;;
433;2021;17/06/2021;15:10;TossalRodo;;;;;;;;
434;2021;17/06/2021;16:20;OsBalaguer;;;;;;;;
435;2021;17/06/2021;17:10;StaBarbara;;;;;;;;
436;2021;17/06/2021;18:27;Ivars;;;;;;;;
437;2021;18/06/2021;7:02;TossalFonta;;;;;;;;
438;2021;18/06/2021;11:00;BelpreixanaDevesa;;;;;;;;
439;2021;18/06/2021;11:15;BelpreixanaFondoStJulia;;;;;;;;
440;2021;18/06/2021;NA;BelpreixanaMontalba;;;;;;;;
441;2021;18/06/2021;12:59;BelpreixanaBarquera;;;;;;;;
442;2021;18/06/2021;NA;BelpreixanaMontrepos;;;;;;;;
443;2021;18/06/2021;18:06;Cadolles;;;;;;;;
444;2021;21/06/2021;9:28;BellmuntAgramuntO;;;;;;;;
445;2021;21/06/2021;9:59;BellmuntAgramuntE;;;;;;;;
446;2021;21/06/2021;10:36;Bellmunt21;;;;;;;;
447;2021;21/06/2021;11:00;Bellmunt22;;;;;;;;
448;2021;21/06/2021;13:00;Bellmunt15;;;;;;;;
449;2021;21/06/2021;NA;Bellmunt12;;;;;;;;
450;2021;22/06/2021;8:20;TossalRodo;;;;;;;;
451;2021;22/06/2021;8:40;OsBalaguer;;;;;;;;
452;2021;23/06/2021;9:29;Cantaperdius;;;;;;;;
453;2021;23/06/2021;10:33;OsBalaguer;;;;;;;;
454;2021;23/06/2021;11:05;TossalRodo;;;;;;;;
455;2021;23/06/2021;11:59;LesQuadres;;;;;;;;
456;2021;23/06/2021;12:14;Cadolles;;;;;;;;
457;2021;23/06/2021;12:14;Cadolles;;;;;;;;
458;2021;29/06/2021;7:22;ValldelsPous;;;;;;;;
459;2021;29/06/2021;7:47;PlaRoquis;;;;;;;;
460;2021;29/06/2021;8:44;Palmero;;;;;;;;
461;2021;29/06/2021;11:21;Ivars;;;;;;;;
462;2021;29/06/2021;12:15;Cantaperdius;;;;;;;;
463;2021;29/06/2021;12:35;StaBarbara;;;;;;;;
464;2021;29/06/2021;13:24;OsBalaguer;;;;;;;;
465;2021;29/06/2021;14:47;Cadolles;;;;;;;;
466;2021;29/06/2021;15:58;TossalFonta;;;;;;;;
467;2021;02/07/2021;8:23;Rabinat;;;;;;;;
468;2021;02/07/2021;8:43;TossalFonta;;;;;;;;
469;2021;02/07/2021;9:04;BelpreixanaSocarrades;;;;;;;;
470;2021;02/07/2021;9:09;BelpreixanaCabanaCaçadors;;;;;;;;
471;2021;02/07/2021;9:23;Biscarri;;;;;;;;
472;2021;02/07/2021;9:43;granja;;;;;;;;
473;2021;02/07/2021;10:00;gravera Bellpuig;;;;;;;;
474;2021;02/07/2021;11:25;ValldelsPous;;;;;;;;
475;2021;02/07/2021;11:57;PlaRoquis;;;;;;;;
476;2021;02/07/2021;12:20;Palmero;;;;;;;;
477;2021;02/07/2021;13:00;RocaGuilla;;;;;;;;
478;2021;02/07/2021;14:33;Ivars;;;;;;;;
479;2021;02/07/2021;14:48;Cantaperdius;;;;;;;;
480;2021;02/07/2021;15:23;OsBalaguer;;;;;;;;
481;2021;02/07/2021;16:39;TossalRodo;;;;;;;;
482;2021;02/07/2021;17:24;Cadolles;;;;;;;;
483;2021;06/07/2021;12:41;Cadolles;;;;;;;;
484;2021;06/07/2021;13:40;TossalRodo;;;;;;;;
485;2021;06/07/2021;14:00;OsBalaguer;;;;;;;;
486;2021;06/07/2021;14:24;Cantaperdius;;;;;;;;
487;2021;06/07/2021;14:40;Ivars;;;;;;;;
488;2021;06/07/2021;15:50;ValldelsPous;;;;;;;;
489;2021;06/07/2021;16:49;PlaRoquis;;;;;;;;
490;2021;06/07/2021;16:58;Palmero;;;;;;;;
491;2021;06/07/2021;17:25;RocaGuilla;;;;;;;;
492;2021;06/07/2021;18:49;Montrepos;;;;;;;;
493;2021;06/07/2021;NA;casa abandonada Montrepos;;;;;;;;
494;2021;06/07/2021;19:32;TossalFonta;;;;;;;;
495;2021;06/07/2021;19:55;Rabinat;;;;;;;;
496;2021;20/07/2021;8:20;Abocador Cervera;;;;;;;;
497;2021;20/07/2021;9:20;Abocador Tàrrega;;;;;;;;
498;2021;20/07/2021;10:00;Abocador CastellnouSeana;;;;;;;;
499;2021;20/07/2021;12:10;Abocador Balaguer;;;;;;;;
500;2021;20/07/2021;14:15;Abocador Montoliu;;;;;;;;
501;2021;20/07/2021;16:00;Abocador CastellnouSeana;;;;;;;;
502;2021;25/05/2021;10:30;RocaGuilla;;;;;;;;
503;2022;25/04/2022;17:12;Palmero;;;;;;;;
504;2021;25/05/2021;11:22;camp;;;;;;;;
505;2022;25/04/2022;17:40;RocaGuilla;;;;;;;;
506;2021;25/05/2021;11:30;Montrepos;;;;;;;;
507;2022;25/04/2022;15:58;ValldelsPous;;;;;;;;
508;2021;25/05/2021;15:42;camp;;;;;;;;
509;2022;25/04/2022;16:20;PlaRoquis;;;;;;;;
510;2021;25/05/2021;16:04;TossalFonta;;;;;;;;
511;2022;26/04/2022;15:23;ValldelsPous;;;;;;;;
512;2021;27/05/2021;9:24;Cadolles;;;;;;;;
513;2022;26/04/2022;16:36;Palmero;;;;;;;;
514;2021;27/05/2021;9:40;LesQuadres;;;;;;;;
515;2022;26/04/2022;17:47;RocaGuilla;;;;;;;;
516;2021;27/05/2021;10:23;TossalRodo;;;;;;;;
517;2022;26/04/2022;18:56;PlaRoquis;;;;;;;;
518;2021;27/05/2021;11:05;OsBalaguer;;;;;;;;
519;2022;28/04/2022;7:44;ValldelsPous;;;;;;;;
520;2021;27/05/2021;11:36;Cantaperdius;;;;;;;;
521;2022;28/04/2022;8:03;PlaRoquis;;;;;;;;
522;2021;27/05/2021;12:09;Ivars;;;;;;;;
523;2022;28/04/2022;8:43;Palmero;;;;;;;;
524;2021;27/05/2021;15:22;ValldelsPous;;;;;;;;
525;2022;28/04/2022;9:02;RocaGuilla;;;;;;;;
526;2021;27/05/2021;15:54;Palmero;;;;;;;;
527;2022;29/04/2022;7:34;ValldelsPous;;;;;;;;
528;2021;27/05/2021;17:08;RocaGuilla;;;;;;;;
529;2022;29/04/2022;7:53;PlaRoquis;;;;;;;;
530;2021;27/05/2021;17:58;PlaRoquis;;;;;;;;
531;2022;29/04/2022;8:13;Palmero;;;;;;;;
532;2021;28/05/2021;7:40;ValldelsPous;;;;;;;;
533;2022;29/04/2022;8:31;RocaGuilla;;;;;;;;
534;2021;28/05/2021;8:52;MasMatxerri;;;;;;;;
535;2022;02/05/2022;16:57;RocaGuilla;;;;;;;;
536;2021;28/05/2021;10:26;TossalFonta;;;;;;;;
537;2022;02/05/2022;18:46;Palmero;;;;;;;;
538;2022;02/05/2022;19:51;ValldelsPous;;;;;;;;
539;2022;02/05/2022;20:43;PlaRoquis;;;;;;;;
540;2022;06/05/2022;17:36;ValldelsPous;;;;;;;;
541;2022;06/05/2022;18:00;PlaRoquis;;;;;;;;
542;2022;06/05/2022;18:29;Palmero;;;;;;;;
543;2022;06/05/2022;18:51;RocaGuilla;;;;;;;;
544;2022;09/05/2022;15:32;RocaGuilla;;;;;;;;
545;2022;09/05/2022;16:39;Palmero;;;;;;;;
546;2022;09/05/2022;17:00;PlaRoquis;;;;;;;;
547;2022;09/05/2022;17:29;ValldelsPous;;;;;;;;
548;2022;09/05/2022;18:00;RocaGuilla;;;;;;;;
549;2022;10/05/2022;7:32;RocaGuilla;;;;;;;;
550;2022;10/05/2022;8:27;Palmero;;;;;;;;
551;2022;10/05/2022;8:42;ValldelsPous;;;;;;;;
552;2022;10/05/2022;9:10;PlaRoquis;;;;;;;;
553;2022;10/05/2022;9:52;RocaGuilla;;;;;;;;
554;2022;12/05/2022;17:15;RocaGuilla;;;;;;;;
555;2022;12/05/2022;18:05;Palmero;;;;;;;;
556;2022;12/05/2022;18:27;PlaRoquis;;;;;;;;
557;2022;12/05/2022;18:51;ValldelsPous;;;;;;;;
558;2022;13/05/2022;7:29;PlaRoquis;;;;;;;;
559;2022;13/05/2022;8:04;ValldelsPous;;;;;;;;
560;2022;13/05/2022;8:20;Palmero;;;;;;;;
561;2022;13/05/2022;8:41;RocaGuilla;;;;;;;;
562;2022;16/05/2022;13:30;Palmero;;;;;;;;
563;2022;16/05/2022;14:43;ValldelsPous;;;;;;;;
564;2022;16/05/2022;16:05;PlaRoquis;;;;;;;;
565;2022;16/05/2022;17:33;RocaGuilla;;;;;;;;
566;2022;19/05/2022;13:37;RocaGuilla;;;;;;;;
567;2022;19/05/2022;14:54;Palmero;;;;;;;;
568;2022;19/05/2022;16:18;PlaRoquis;;;;;;;;
569;2022;19/05/2022;17:17;ValldelsPous;;;;;;;;
570;2022;20/05/2022;7:37;ValldelsPous;;;;;;;;
571;2022;20/05/2022;7:57;PlaRoquis;;;;;;;;
572;2022;20/05/2022;8:12;Palmero;;;;;;;;
573;2022;20/05/2022;8:34;RocaGuilla;;;;;;;;
574;2022;23/05/2022;15:55;RocaGuilla;;;;;;;;
575;2022;23/05/2022;16:45;Palmero;;;;;;;;
576;2022;23/05/2022;17:05;PlaRoquis;;;;;;;;
577;2022;23/05/2022;17:40;ValldelsPous;;;;;;;;
578;2022;24/05/2022;9:19;ValldelsPous;;;;;;;;
579;2022;24/05/2022;9:43;PlaRoquis;;;;;;;;
580;2022;24/05/2022;10:13;Palmero;;;;;;;;
581;2022;24/05/2022;10:54;RocaGuilla;;;;;;;;
582;2022;24/05/2022;10:49;camp;;;;;;;;
583;2022;24/05/2022;16:51;Mas de Melons;;;;;;;;
584;2022;26/05/2022;8:56;RocaGuilla;;;;;;;;
585;2022;26/05/2022;10:15;Palmero;;;;;;;;
586;2022;26/05/2022;10:29;PlaRoquis;;;;;;;;
587;2022;26/05/2022;10:47;ValldelsPous;;;;;;;;
588;2022;26/05/2022;10:47;ValldelsPous;;;;;;;;
589;2022;26/05/2022;10:47;ValldelsPous;;;;;;;;
590;2022;26/05/2022;NA;RocaGuilla;;;;;;;;
591;2022;26/05/2022;12:39;RocaGuilla;;;;;;;;
592;2022;27/05/2022;7:30;ValldelsPous;;;;;;;;
593;2022;27/05/2022;7:53;PlaRoquis;;;;;;;;
594;2022;27/05/2022;8:15;Palmero;;;;;;;;
595;2022;27/05/2022;8:44;RocaGuilla;;;;;;;;
596;2022;30/05/2022;16:34;RocaGuilla;;;;;;;;
597;2022;30/05/2022;17:35;Palmero;;;;;;;;
598;2022;30/05/2022;18:01;PlaRoquis;;;;;;;;
599;2022;30/05/2022;18:41;ValldelsPous;;;;;;;;
600;2022;31/05/2022;7:34;PlaRoquis;;;;;;;;
601;2022;31/05/2022;8:38;Palmero;;;;;;;;
602;2022;31/05/2022;10:16;RocaGuilla;;;;;;;;
603;2022;31/05/2022;11:00;RocaGuilla;;;;;;;;
604;2022;31/05/2022;19:16;RocaGuilla;;;;;;;;
605;2022;01/06/2022;8:07;RocaGuilla;;;;;;;;
606;2022;01/06/2022;9:02;Palmero;;;;;;;;
607;2022;01/06/2022;10:17;RocaGuilla;;;;;;;;
608;2022;02/06/2022;7:37;ValldelsPous;;;;;;;;
609;2022;02/06/2022;8:19;PlaRoquis;;;;;;;;
610;2022;02/06/2022;8:44;RocaGuilla;;;;;;;;
611;2022;02/06/2022;17:08;RocaGuilla;;;;;;;;
612;2022;03/06/2022;7:22;ValldelsPous;;;;;;;;
613;2022;03/06/2022;7:47;Palmero;;;;;;;;
614;2022;03/06/2022;8:12;RocaGuilla;;;;;;;;
615;2022;06/06/2022;9:01;RocaGuilla;;;;;;;;
616;2022;06/06/2022;10:30;Palmero;;;;;;;;
617;2022;06/06/2022;10:59;ValldelsPous;;;;;;;;
618;2022;06/06/2022;11:30;Palmero;;;;;;;;
619;2022;06/06/2022;12:12;PlaRoquis;;;;;;;;
620;2022;06/06/2022;13:10;PlaRoquis;;;;;;;;
621;2022;07/06/2022;7:39;RocaGuilla;;;;;;;;
622;2022;07/06/2022;9:50;Palmero;;;;;;;;
623;2022;07/06/2022;11:19;PlaRoquis;;;;;;;;
624;2022;07/06/2022;17:38;RocaGuilla;;;;;;;;
625;2022;08/06/2022;7:41;RocaGuilla;;;;;;;;
626;2022;08/06/2022;9:38;Palmero;;;;;;;;
627;2022;09/06/2022;7:20;RocaGuilla;;;;;;;;
628;2022;09/06/2022;9:47;ValldelsPous;;;;;;;;
629;2022;10/06/2022;7:22;ValldelsPous;;;;;;;;
630;2022;10/06/2022;8:00;PlaRoquis;;;;;;;;
631;2022;10/06/2022;8:43;Palmero;;;;;;;;
632;2022;10/06/2022;9:41;RocaGuilla;;;;;;;;
633;2022;13/06/2022;16:54;RocaGuilla;;;;;;;;
634;2022;13/06/2022;19:13;ValldelsPous;;;;;;;;
635;2022;13/06/2022;19:30;MasMelValldelsPous;;;;;;;;
636;2022;13/06/2022;19:42;PlaRoquis;;;;;;;;
637;2022;13/06/2022;20:44;Palmero;;;;;;;;
638;2022;13/06/2022;21:24;RocaGuilla;;;;;;;;
639;2022;14/06/2022;8:20;Camp costat casa en runes RocaGuilla;;;;;;;;
640;2022;14/06/2022;8:24;RocaGuilla;;;;;;;;
641;2022;15/06/2022;7:30;RocaGuilla;;;;;;;;
642;2022;15/06/2022;17:35;RocaGuilla;;;;;;;;
643;2022;16/06/2022;15:45;Palmero;;;;;;;;
644;2022;17/06/2022;7:52;ValldelsPous;;;;;;;;
645;2022;17/06/2022;8:31;PlaRoquis;;;;;;;;
646;2022;17/06/2022;9:05;Palmero;;;;;;;;
647;2022;17/06/2022;10:53;RocaGuilla;;;;;;;;
648;2022;17/06/2022;12:36;Palmero;;;;;;;;
649;2022;17/06/2022;12:47;RocaGuilla;;;;;;;;
650;2022;20/06/2022;16:55;RocaGuilla;;;;;;;;
651;2022;20/06/2022;17:24;ValldelsPous;;;;;;;;
652;2022;20/06/2022;18:05;PlaRoquis;;;;;;;;
653;2022;20/06/2022;18:30;Palmero;;;;;;;;
654;2022;23/06/2022;10:20;RocaGuilla;;;;;;;;
655;2022;23/06/2022;11:02;ValldelsPous;;;;;;;;
656;2022;27/06/2022;18:13;ValldelsPous;;;;;;;;
657;2022;27/06/2022;17:34;RocaGuilla;;;;;;;;
658;2022;30/06/2022;12:00;ValldelsPous;;;;;;;;
659;2022;30/06/2022;12:48;PlaRoquis;;;;;;;;
660;2022;30/06/2022;13:44;Palmero;;;;;;;;
661;2022;30/06/2022;14:00;RocaGuilla;;;;;;;;
662;2022;07/07/2022;19:00;RocaGuilla;;;;;;;;
663;2022;08/07/2022;11:16;RocaGuilla;;;;;;;;
664;2022;25/04/2022;8:39;Rabinat;;;;;;;;
665;2022;25/04/2022;9:15;TossalFonta;;;;;;;;
666;2022;26/04/2022;8:02;Rabinat;;;;;;;;
667;2022;26/04/2022;8:30;TossalFonta;;;;;;;;
668;2022;27/04/2022;9:10;Montrepos;;;;;;;;
669;2022;27/04/2022;10:16;Biscarri;;;;;;;;
670;2022;28/04/2022;10:07;Rabinat;;;;;;;;
671;2022;28/04/2022;10:20;TossalFonta;;;;;;;;
672;2022;29/04/2022;12:06;Rabinat;;;;;;;;
673;2022;29/04/2022;12:21;TossalFonta;;;;;;;;
674;2022;02/05/2022;9:41;TossalFonta;;;;;;;;
675;2022;02/05/2022;10:29;Rabinat;;;;;;;;
676;2022;02/05/2022;12:22;camp;;;;;;;;
677;2022;02/05/2022;12:45;camp;;;;;;;;
678;2022;02/05/2022;12:49;casa abandonada Montrepos;;;;;;;;
679;2022;02/05/2022;13:06;Montrepos;;;;;;;;
680;2022;02/05/2022;14:48;casa abandonada;;;;;;;;
681;2022;06/05/2022;15:07;Montrepos;;;;;;;;
682;2022;06/05/2022;16:08;TossalFonta;;;;;;;;
683;2022;06/05/2022;16:27;Rabinat;;;;;;;;
684;2022;09/05/2022;8:55;Montrepos;;;;;;;;
685;2022;09/05/2022;9:40;TossalFonta;;;;;;;;
686;2022;09/05/2022;10:23;Rabinat;;;;;;;;
687;2022;10/05/2022;14:48;Montrepos;;;;;;;;
688;2022;10/05/2022;15:20;TossalFonta;;;;;;;;
689;2022;10/05/2022;16:05;Rabinat;;;;;;;;
690;2022;12/05/2022;10:00;Montrepos;;;;;;;;
691;2022;12/05/2022;12:05;TossalFonta;;;;;;;;
692;2022;12/05/2022;12:52;Rabinat;;;;;;;;
693;2022;13/05/2022;14:15;Montrepos;;;;;;;;
694;2022;13/05/2022;14:50;TossalFonta;;;;;;;;
695;2022;13/05/2022;15:12;Rabinat;;;;;;;;
696;2022;16/05/2022;8:32;Rabinat;;;;;;;;
697;2022;16/05/2022;10:36;TossalFonta;;;;;;;;
698;2022;19/05/2022;8:38;Rabinat;;;;;;;;
699;2022;19/05/2022;9:25;TossalFonta;;;;;;;;
700;2022;19/05/2022;10:06;camp;;;;;;;;
701;2022;19/05/2022;10:36;casa abandonada Montrepos;;;;;;;;
702;2022;19/05/2022;11:13;Montrepos;;;;;;;;
703;2022;19/05/2022;11:10;Montrepos;;;;;;;;
704;2022;20/05/2022;14:50;Rabinat;;;;;;;;
705;2022;20/05/2022;15:50;TossalFonta;;;;;;;;
706;2022;23/05/2022;8:39;Rabinat;;;;;;;;
707;2022;23/05/2022;9:08;TossalFonta;;;;;;;;
708;2022;23/05/2022;9:08;Cami entrant des de carretera esquerra;;;;;;;;
709;2022;23/05/2022;9:40;gravera Bellpuig;;;;;;;;
710;2022;23/05/2022;9:53;casa abandonada Montrepos;;;;;;;;
711;2022;23/05/2022;9:57;Montrepos;;;;;;;;
712;2022;24/05/2022;15:16;Rabinat;;;;;;;;
713;2022;24/05/2022;15:34;TossalFonta;;;;;;;;
714;2022;24/05/2022;16:09;Montrepos;;;;;;;;
715;2022;26/05/2022;16:46;Rabinat;;;;;;;;
716;2022;26/05/2022;17:24;TossalFonta;;;;;;;;
717;2022;26/05/2022;17:23;camp;;;;;;;;
718;2022;26/05/2022;18:38;Montrepos;;;;;;;;
719;2022;27/05/2022;14:50;Montrepos;;;;;;;;
720;2022;27/05/2022;15:35;TossalFonta;;;;;;;;
721;2022;27/05/2022;16:05;Rabinat;;;;;;;;
722;2022;30/05/2022;8:43;Rabinat;;;;;;;;
723;2022;30/05/2022;10:23;TossalFonta;;;;;;;;
724;2022;30/05/2022;11:19;Montrepos;;;;;;;;
725;2022;31/05/2022;17:11;Rabinat;;;;;;;;
726;2022;31/05/2022;18:15;Montrepos;;;;;;;;
727;2022;01/06/2022;12:25;Montrepos;;;;;;;;
728;2022;02/06/2022;15:43;Rabinat;;;;;;;;
729;2022;03/06/2022;15:59;TossalFonta;;;;;;;;
730;2022;03/06/2022;16:30;Rabinat;;;;;;;;
731;2022;06/06/2022;18:27;Rabinat;;;;;;;;
732;2022;06/06/2022;18:54;TossalFonta;;;;;;;;
733;2022;07/06/2022;15:55;Rabinat;;;;;;;;
734;2022;07/06/2022;16:48;Montrepos;;;;;;;;
735;2022;09/06/2022;19:07;Rabinat;;;;;;;;
736;2022;10/06/2022;13:55;TossalFonta;;;;;;;;
737;2022;10/06/2022;15:25;Rabinat;;;;;;;;
738;2022;13/06/2022;8:32;Rabinat;;;;;;;;
739;2022;13/06/2022;9:29;TossalFonta;;;;;;;;
740;2022;13/06/2022;11:01;Montrepos;;;;;;;;
741;2022;13/06/2022;11:14;camp;;;;;;;;
742;2022;14/06/2022;13:37;Rabinat;;;;;;;;
743;2022;20/06/2022;9:03;Rabinat;;;;;;;;
744;2022;20/06/2022;9:36;TossalFonta;;;;;;;;
745;2022;23/06/2022;9:13;TossalFonta;;;;;;;;
746;2022;23/06/2022;9:27;Rabinat;;;;;;;;
747;2022;27/06/2022;19:28;TossalFonta;;;;;;;;
748;2022;27/06/2022;19:37;Rabinat;;;;;;;;
749;2022;30/06/2022;15:06;TossalFonta;;;;;;;;
750;2022;30/06/2022;15:27;Rabinat;;;;;;;;
751;2022;25/04/2022;12:20;TossalRodo;;;;;;;;
752;2022;25/04/2022;13:15;OsBalaguer;;;;;;;;
753;2022;25/04/2022;14:15;Cantaperdius;;;;;;;;
754;2022;25/04/2022;14:34;StaBarbara;;;;;;;;
755;2022;25/04/2022;14:57;Ivars;;;;;;;;
756;2022;26/04/2022;11:13;TossalRodo;;;;;;;;
757;2022;26/04/2022;11:57;OsBalaguer;;;;;;;;
758;2022;26/04/2022;12:24;Cantaperdius;;;;;;;;
759;2022;26/04/2022;12:44;Ivars;;;;;;;;
760;2022;28/04/2022;12:04;TossalRodo;;;;;;;;
761;2022;28/04/2022;12:37;OsBalaguer;;;;;;;;
762;2022;28/04/2022;13:03;Ivars;;;;;;;;
763;2022;28/04/2022;12:50;Cantaperdius;;;;;;;;
764;2022;29/04/2022;9:28;Ivars;;;;;;;;
765;2022;29/04/2022;9:43;Cantaperdius;;;;;;;;
766;2022;29/04/2022;10:00;OsBalaguer;;;;;;;;
767;2022;29/04/2022;10:20;TossalRodo;;;;;;;;
768;2022;03/05/2022;8:52;Ivars;;;;;;;;
769;2022;03/05/2022;9:27;Cantaperdius;;;;;;;;
770;2022;03/05/2022;10:05;StaBarbara;;;;;;;;
771;2022;03/05/2022;10:30;OsBalaguer;;;;;;;;
772;2022;03/05/2022;11:20;TossalRodo;;;;;;;;
773;2022;06/05/2022;8:45;Ivars;;;;;;;;
774;2022;06/05/2022;9:09;Cantaperdius;;;;;;;;
775;2022;06/05/2022;9:32;StaBarbara;;;;;;;;
776;2022;06/05/2022;10:25;OsBalaguer;;;;;;;;
777;2022;06/05/2022;11:08;TossalRodo;;;;;;;;
778;2022;09/05/2022;12:10;TossalRodo;;;;;;;;
779;2022;09/05/2022;12:45;OsBalaguer;;;;;;;;
780;2022;09/05/2022;13:05;Cantaperdius;;;;;;;;
781;2022;09/05/2022;13:25;Ivars;;;;;;;;
782;2022;10/05/2022;11:15;Ivars;;;;;;;;
783;2022;10/05/2022;11:34;Cantaperdius;;;;;;;;
784;2022;10/05/2022;11:37;OsBalaguer;;;;;;;;
785;2022;10/05/2022;12:20;TossalRodo;;;;;;;;
786;2022;12/05/2022;15:24;TossalRodo;;;;;;;;
787;2022;12/05/2022;15:46;OsBalaguer;;;;;;;;
788;2022;12/05/2022;16:02;Cantaperdius;;;;;;;;
789;2022;12/05/2022;16:21;Ivars;;;;;;;;
790;2022;13/05/2022;9:51;Ivars;;;;;;;;
791;2022;13/05/2022;11:02;Cantaperdius;;;;;;;;
792;2022;13/05/2022;11:26;OsBalaguer;;;;;;;;
793;2022;13/05/2022;11:45;TossalRodo;;;;;;;;
794;2022;17/05/2022;10:48;Ivars;;;;;;;;
795;2022;17/05/2022;11:13;Cantaperdius;;;;;;;;
796;2022;17/05/2022;11:52;StaBarbara;;;;;;;;
797;2022;17/05/2022;12:30;OsBalaguer;;;;;;;;
798;2022;17/05/2022;13:00;TossalRodo;;;;;;;;
799;2022;17/05/2022;13:17;NA;;;;;;;;
800;2022;20/05/2022;9:49;Ivars;;;;;;;;
801;2022;20/05/2022;10:20;Cantaperdius;;;;;;;;
802;2022;20/05/2022;11:05;OsBalaguer;;;;;;;;
803;2022;20/05/2022;11:38;TossalRodo;;;;;;;;
804;2022;23/05/2022;12:54;TossalRodo;;;;;;;;
805;2022;23/05/2022;13:15;OsBalaguer;;;;;;;;
806;2022;23/05/2022;13:39;Cantaperdius;;;;;;;;
807;2022;23/05/2022;14:05;Ivars;;;;;;;;
808;2022;24/05/2022;12:10;Ivars;;;;;;;;
809;2022;24/05/2022;12:43;OsBalaguer;;;;;;;;
810;2022;24/05/2022;13:02;TossalRodo;;;;;;;;
811;2022;26/05/2022;14:09;Ivars;;;;;;;;
812;2022;26/05/2022;14:30;Cantaperdius;;;;;;;;
813;2022;26/05/2022;14:47;OsBalaguer;;;;;;;;
814;2022;26/05/2022;15:07;TossalRodo;;;;;;;;
815;2022;27/05/2022;10:32;Ivars;;;;;;;;
816;2022;27/05/2022;10:50;Cantaperdius;;;;;;;;
817;2022;27/05/2022;11:07;StaBarbara;;;;;;;;
818;2022;27/05/2022;11:34;OsBalaguer;;;;;;;;
819;2022;27/05/2022;11:50;TossalRodo;;;;;;;;
820;2022;30/05/2022;12:15;TossalRodo;;;;;;;;
821;2022;30/05/2022;13:56;OsBalaguer;;;;;;;;
822;2022;30/05/2022;15:10;Ivars;;;;;;;;
823;2022;31/05/2022;12:00;Ivars;;;;;;;;
824;2022;31/05/2022;12:32;OsBalaguer;;;;;;;;
825;2022;31/05/2022;13:00;TossalRodo;;;;;;;;
826;2022;02/06/2022;10:24;Ivars;;;;;;;;
827;2022;02/06/2022;11:00;OsBalaguer;;;;;;;;
828;2022;02/06/2022;11:23;TossalRodo;;;;;;;;
829;2022;03/06/2022;9:57;TossalRodo;;;;;;;;
830;2022;03/06/2022;10:14;OsBalaguer;;;;;;;;
831;2022;03/06/2022;11:00;Ivars;;;;;;;;
832;2022;03/06/2022;11:16;OsBalaguer;;;;;;;;
833;2022;03/06/2022;11:46;Ivars;;;;;;;;
834;2022;06/06/2022;14:50;Ivars;;;;;;;;
835;2022;06/06/2022;15:24;Ivars;;;;;;;;
836;2022;06/06/2022;16:28;OsBalaguer;;;;;;;;
837;2022;06/06/2022;17:04;TossalRodo;;;;;;;;
838;2022;07/06/2022;13:16;Ivars;;;;;;;;
839;2022;07/06/2022;13:47;OsBalaguer;;;;;;;;
840;2022;07/06/2022;14:10;TossalRodo;;;;;;;;
841;2022;08/06/2022;13:35;Ivars;;;;;;;;
842;2022;09/06/2022;15:40;Ivars;;;;;;;;
843;2022;09/06/2022;16:20;OsBalaguer;;;;;;;;
844;2022;09/06/2022;16:40;TossalRodo;;;;;;;;
845;2022;13/06/2022;12:26;TossalRodo;;;;;;;;
846;2022;13/06/2022;13:32;OsBalaguer;;;;;;;;
847;2022;13/06/2022;15:04;Ivars;;;;;;;;
848;2022;14/06/2022;17:04;TossalRodo;;;;;;;;
849;2022;14/06/2022;17:26;OsBalaguer;;;;;;;;
850;2022;14/06/2022;17:55;Ivars;;;;;;;;
851;2022;15/06/2022;15:22;TossalRodo;;;;;;;;
852;2022;15/06/2022;15:44;OsBalaguer;;;;;;;;
853;2022;15/06/2022;16:09;Ivars;;;;;;;;
854;2022;16/06/2022;11:18;TossalRodo;;;;;;;;
855;2022;16/06/2022;11:48;Ivars;;;;;;;;
856;2022;17/06/2022;16:00;Ivars;;;;;;;;
857;2022;20/06/2022;13:34;TossalRodo;;;;;;;;
858;2022;20/06/2022;14:28;OsBalaguer;;;;;;;;
859;2022;20/06/2022;15:15;Ivars;;;;;;;;
860;2022;23/06/2022;11:55;Ivars;;;;;;;;
861;2022;23/06/2022;12:16;Cantaperdius;;;;;;;;
862;2022;23/06/2022;12:36;StaBarbara;;;;;;;;
863;2022;23/06/2022;12:53;TossalRodo;;;;;;;;
864;2022;27/06/2022;16:39;TossalRodo;;;;;;;;
865;2022;27/06/2022;17:07;Ivars;;;;;;;;
866;2022;30/06/2022;9:35;TossalRodo;;;;;;;;
867;2022;30/06/2022;10:03;OsBalaguer;;;;;;;;
868;2022;30/06/2022;10:31;Ivars;;;;;;;;
869;2022;25/04/2022;10:20;Cadolles;;;;;;;;
870;2022;25/04/2022;11:10;Caserna;;;;;;;;
871;2022;26/04/2022;9:26;Cadolles;;;;;;;;
872;2022;28/04/2022;11:10;Cadolles;;;;;;;;
873;2022;29/04/2022;10:55;Cadolles;;;;;;;;
874;2022;03/05/2022;13:30;Bellmunt8;;;;;;;;
875;2022;03/05/2022;15:50;Cadolles;;;;;;;;
876;2022;06/05/2022;12:14;Cadolles;;;;;;;;
877;2022;09/05/2022;11:20;Cadolles;;;;;;;;
878;2022;10/05/2022;13:50;Cadolles;;;;;;;;
879;2022;12/05/2022;14:34;Cadolles;;;;;;;;
880;2022;13/05/2022;13:27;Cadolles;;;;;;;;
881;2022;17/05/2022;14:34;Cadolles;;;;;;;;
882;2022;20/05/2022;13:22;Cadolles;;;;;;;;
883;2022;23/05/2022;10:43;Cadolles;;;;;;;;
884;2022;23/05/2022;10:43;Cadolles;;;;;;;;
885;2022;23/05/2022;10:43;Cadolles;;;;;;;;
886;2022;23/05/2022;12:26;LesQuadres;;;;;;;;
887;2022;24/05/2022;14:17;Cadolles;;;;;;;;
888;2022;26/05/2022;15:48;Cadolles;;;;;;;;
889;2022;27/05/2022;12:25;Cadolles;;;;;;;;
890;2022;31/05/2022;15:00;Cadolles;;;;;;;;
891;2022;31/05/2022;16:32;Caserna;;;;;;;;
892;2022;01/06/2022;15:44;Cadolles;;;;;;;;
893;2022;02/06/2022;12:06;Cadolles;;;;;;;;
894;2022;03/06/2022;12:57;Cadolles;;;;;;;;
895;2022;03/06/2022;13:40;Cadolles;;;;;;;;
896;2022;07/06/2022;NA;Cadolles;;;;;;;;
897;2022;09/06/2022;17:27;Cadolles;;;;;;;;
898;2022;09/06/2022;20:11;Cadolles;;;;;;;;
899;2022;10/06/2022;11:42;Cadolles;;;;;;;;
900;2022;14/06/2022;15:45;Cadolles;;;;;;;;
901;2022;16/06/2022;9:33;Cadolles;;;;;;;;
902;2022;17/06/2022;17:12;Cadolles;;;;;;;;
903;2022;20/06/2022;11:21;Caserna;;;;;;;;
904;2022;20/06/2022;11:54;Cadolles;;;;;;;;
905;2022;23/06/2022;14:40;Cadolles;;;;;;;;
906;2022;27/06/2022;11:59;Cadolles;;;;;;;;
907;2022;30/06/2022;8:37;Cadolles;;;;;;;;
908;2022;20/04/2022;15:05;Bellmunt11;;;;;;;;
909;2022;20/04/2022;15:05;Bellmunt8;;;;;;;;
910;2022;20/04/2022;15:05;Bellmunt7;;;;;;;;
911;2022;20/04/2022;15:58;Bellmunt4;;;;;;;;
912;2022;20/04/2022;15:58;Bellmunt2;;;;;;;;
913;2022;20/04/2022;16:06;Bellmunt24;;;;;;;;
914;2022;21/04/2022;9:19;MasMelPlanaAspa;;;;;;;;
915;2022;21/04/2022;9:34;MasMelPleta;;;;;;;;
916;2022;21/04/2022;9:49;MasMelValldelsPous;;;;;;;;
917;2022;21/04/2022;9:49;MasMelColladesO;;;;;;;;
918;2022;21/04/2022;10:52;MasMelCollades;;;;;;;;
919;2022;21/04/2022;12:00;MasMelZonaAstor;;;;;;;;
920;2022;21/04/2022;12:32;MasMelTimoneda;;;;;;;;
921;2022;20/04/2022;11:19;BellmuntAgramuntE;;;;;;;;
922;2022;20/04/2022;11:44;BellmuntAgramuntO;;;;;;;;
923;2022;20/04/2022;11:44;BellmuntTrepatBaixE;;;;;;;;
924;2022;20/04/2022;11:44;BellmuntTrepatBaixO;;;;;;;;
925;2022;20/04/2022;12:30;Bellmunt23;;;;;;;;
926;2022;20/04/2022;12:37;Bellmunt22;;;;;;;;
927;2022;20/04/2022;12:45;Bellmunt21;;;;;;;;
928;2022;20/04/2022;12:45;Bellmunt20;;;;;;;;
929;2022;20/04/2022;13:02;Bellmunt19;;;;;;;;
930;2022;20/04/2022;13:02;Bellmunt18;;;;;;;;
931;2022;20/04/2022;14:02;Bellmunt16;;;;;;;;
932;2022;20/04/2022;14:45;Bellmunt15;;;;;;;;
933;2022;20/04/2022;14:56;Bellmunt12;;;;;;;;
934;2022;26/04/2022;15:40;MasMelValldelsPous;;;;;;;;
935;2022;26/04/2022;15:50;MasMelColladesO;;;;;;;;
936;2022;26/04/2022;16:00;MasMelCollades;;;;;;;;
937;2022;26/04/2022;16:10;MasMelPleta;;;;;;;;
938;2022;26/04/2022;16:23;MasMelPlaPi;;;;;;;;
939;2022;26/04/2022;16:50;MasMelZonaAstor;;;;;;;;
940;2022;26/04/2022;17:18;MasMelTimoneda;;;;;;;;
941;2022;26/04/2022;18:28;MasMelPlanaAspa;;;;;;;;
942;2022;26/04/2022;19:22;MasMel24;;;;;;;;
943;2022;12/05/2022;8:46;BelpreixanaCometa;;;;;;;;
944;2022;12/05/2022;9:34;BelpreixanaMontpla;;;;;;;;
945;2022;27/04/2022;8:00;BelpreixanaCometa;;;;;;;;
946;2022;27/04/2022;8:20;BelpreixanaMontpla;;;;;;;;
947;2022;27/04/2022;8:47;BelpreixanaMontreposNW;;;;;;;;
948;2022;27/04/2022;9:26;BelpreixanaArbequi;;;;;;;;
949;2022;27/04/2022;9:40;BelpreixanaCabana3;;;;;;;;
950;2022;27/04/2022;10:06;BelpreixanaCabana2;;;;;;;;
951;2022;27/04/2022;10:10;BelpreixanaCabana1;;;;;;;;
952;2022;27/04/2022;10:32;BelpreixanaCanal;;;;;;;;
953;2022;27/04/2022;11:04;BelpreixanaMontalba;;;;;;;;
954;2022;27/04/2022;11:14;BelpreixanaBarquera;;;;;;;;
955;2022;27/04/2022;11:26;BelpreixanaFondoStJulia;;;;;;;;
956;2022;27/04/2022;11:38;BelpreixanaSocarrades;;;;;;;;
957;2022;27/04/2022;11:52;BelpreixanaCabanaCaçadors;;;;;;;;
958;2022;27/04/2022;12:04;BelpreixanaDevesa;;;;;;;;
959;2022;27/04/2022;12:18;BelpreixanaPedreres;;;;;;;;
960;2022;27/04/2022;12:30;BelpreixanaMolars;;;;;;;;
961;2022;02/05/2022;11:09;BelpreixanaMolars;;;;;;;;
962;2022;02/05/2022;11:39;BelpreixanaPedreres;;;;;;;;
963;2022;02/05/2022;12:31;BelpreixanaArbequi;;;;;;;;
964;2022;02/05/2022;13:18;BelpreixanaMontreposNE;;;;;;;;
965;2022;02/05/2022;14:45;BelpreixanaCometa;;;;;;;;
966;2022;02/05/2022;14:56;BelpreixanaMontpla;;;;;;;;
967;2022;02/05/2022;15:30;BelpreixanaCanal;;;;;;;;
968;2022;03/05/2022;12:26;Bellmunt2;;;;;;;;
969;2022;03/05/2022;12:41;Bellmunt24;;;;;;;;
970;2022;03/05/2022;13:13;Bellmunt5;;;;;;;;
971;2022;03/05/2022;14:10;Bellmunt8;;;;;;;;
972;2022;03/05/2022;14:21;Bellmunt7;;;;;;;;
973;2022;03/05/2022;14:34;Bellmunt10;;;;;;;;
974;2022;03/05/2022;14:40;Bellmunt11;;;;;;;;
975;2022;03/05/2022;14:59;Bellmunt13;;;;;;;;
976;2022;03/05/2022;15:16;Bellmunt15;;;;;;;;
977;2022;03/05/2022;15:28;Bellmunt14;;;;;;;;
978;2022;03/05/2022;16:38;Bellmunt16;;;;;;;;
979;2022;03/05/2022;16:51;Bellmunt22;;;;;;;;
980;2022;12/05/2022;8:46;BelpreixanaCometa;;;;;;;;
981;2022;12/05/2022;9:34;BelpreixanaMontpla;;;;;;;;
982;2022;12/05/2022;9:38;BelpreixanaMontreposSW;;;;;;;;
983;2022;12/05/2022;10:12;BelpreixanaArbequi;;;;;;;;
984;2022;12/05/2022;10:37;BelpreixanaCanal;;;;;;;;
985;2022;12/05/2022;10:58;BelpreixanaBarquera;;;;;;;;
986;2022;12/05/2022;11:11;BelpreixanaMontalba;;;;;;;;
987;2022;12/05/2022;11:25;BelpreixanaFondoStJulia;;;;;;;;
988;2022;12/05/2022;11:36;BelpreixanaSocarrades;;;;;;;;
989;2022;12/05/2022;11:50;BelpreixanaCabanaCaçadors;;;;;;;;
990;2022;12/05/2022;12:25;BelpreixanaPedreres;;;;;;;;
991;2022;12/05/2022;12:35;BelpreixanaDevesa;;;;;;;;
992;2022;12/05/2022;13:49;BelpreixanaMolars;;;;;;;;
993;2022;16/05/2022;9:06;BelpreixanaPedreres;;;;;;;;
994;2022;16/05/2022;9:40;BelpreixanaDevesa;;;;;;;;
995;2022;16/05/2022;10:03;BelpreixanaFondoStJulia;;;;;;;;
996;2022;16/05/2022;10:15;BelpreixanaSocarrades;;;;;;;;
997;2022;16/05/2022;10:25;BelpreixanaCabanaCaçadors;;;;;;;;
998;2022;16/05/2022;11:05;BelpreixanaBarquera;;;;;;;;
999;2022;16/05/2022;11:13;BelpreixanaMontalba;;;;;;;;
1000;2022;16/05/2022;11:35;BelpreixanaCanal;;;;;;;;
1001;2022;16/05/2022;12:52;MasMelTimoneda;;;;;;;;
1002;2022;16/05/2022;14:00;MasMelZonaAstor;;;;;;;;
1003;2022;16/05/2022;17:00;MasMelPlanaAspa;;;;;;;;
1004;2022;16/05/2022;18:10;MasMelRiuSet;;;;;;;;
1005;2022;16/05/2022;18:21;MasMelBassaE;;;;;;;;
1006;2022;16/05/2022;18:30;MasMelBassaO;;;;;;;;
1007;2022;17/05/2022;7:40;MasMel24;;;;;;;;
1008;2022;17/05/2022;8:08;MasMelPlaPi;;;;;;;;
1009;2022;17/05/2022;8:31;MasMelPleta;;;;;;;;
1010;2022;17/05/2022;8:46;MasMelPletaNO;;;;;;;;
1011;2022;17/05/2022;9:00;MasMelValldelsPous;;;;;;;;
1012;2022;17/05/2022;9:10;MasMelColladesO;;;;;;;;
1013;2022;17/05/2022;9:22;MasMelCollades;;;;;;;;
1014;2022;17/05/2022;14:50;Bellmunt16;;;;;;;;
1015;2022;17/05/2022;15:02;Bellmunt19;;;;;;;;
1016;2022;17/05/2022;15:20;Bellmunt20;;;;;;;;
1017;2022;17/05/2022;15:26;Bellmunt22;;;;;;;;
1018;2022;17/05/2022;15:40;Bellmunt23;;;;;;;;
1019;2022;17/05/2022;16:00;BellmuntAgramuntO;;;;;;;;
1020;2022;17/05/2022;16:25;BellmuntTrepatBaixE;;;;;;;;
1021;2022;17/05/2022;16:50;BellmuntAgramuntE;;;;;;;;
1022;2022;19/05/2022;8:20;BelpreixanaMolars;;;;;;;;
1023;2022;19/05/2022;10:21;BelpreixanaArbequi;;;;;;;;
1024;2022;19/05/2022;11:31;BelpreixanaMontreposSW;;;;;;;;
1025;2022;19/05/2022;12:04;BelpreixanaMontpla;;;;;;;;
1026;2022;19/05/2022;12:31;BelpreixanaCometa;;;;;;;;
1027;2022;23/05/2022;11:08;Bellmunt15;;;;;;;;
1028;2022;23/05/2022;11:24;Bellmunt13;;;;;;;;
1029;2022;23/05/2022;11:34;Bellmunt11;;;;;;;;
1030;2022;23/05/2022;11:52;Bellmunt8;;;;;;;;
1031;2022;23/05/2022;11:59;Bellmunt4;;;;;;;;
1032;2022;23/05/2022;12:14;Bellmunt2;;;;;;;;
1033;2022;23/05/2022;12:20;Bellmunt24;;;;;;;;
1034;2022;23/05/2022;18:12;MasMelValldelsPous;;;;;;;;
1035;2022;23/05/2022;18:33;MasMelColladesO;;;;;;;;
1036;2022;23/05/2022;18:37;MasMelCollades;;;;;;;;
1037;2022;23/05/2022;18:54;MasMelPleta;;;;;;;;
1038;2022;23/05/2022;18:54;MasMelPletaNO;;;;;;;;
1039;2022;23/05/2022;19:25;MasMelBassaE;;;;;;;;
1040;2022;23/05/2022;19:30;MasMelBassaO;;;;;;;;
1041;2022;23/05/2022;19:30;MasMelRiuSet;;;;;;;;
1042;2022;23/05/2022;20:19;MasMelTimoneda;;;;;;;;
1043;2022;23/05/2022;20:30;MasMelPlanaAspa;;;;;;;;
1044;2022;23/05/2022;20:30;MasMel24;;;;;;;;
1045;2022;26/05/2022;16:42;BelpreixanaMolars;;;;;;;;
1046;2022;26/05/2022;17:00;BelpreixanaPedreres;;;;;;;;
1047;2022;26/05/2022;17:40;BelpreixanaDevesa;;;;;;;;
1048;2022;26/05/2022;17:50;BelpreixanaCabanaCaçadors;;;;;;;;
1049;2022;26/05/2022;17:57;BelpreixanaSocarrades;;;;;;;;
1050;2022;26/05/2022;18:05;BelpreixanaFondoStJulia;;;;;;;;
1051;2022;26/05/2022;18:16;BelpreixanaMontalba;;;;;;;;
1052;2022;26/05/2022;18:24;BelpreixanaBarquera;;;;;;;;
1053;2022;26/05/2022;18:24;BelpreixanaMontreposSW;;;;;;;;
1054;2022;27/05/2022;14:22;BelpreixanaMontpla;;;;;;;;
1055;2022;27/05/2022;14:34;BelpreixanaCometa;;;;;;;;
1056;2022;27/05/2022;15:00;BelpreixanaArbequi;;;;;;;;
1057;2022;27/05/2022;15:14;BelpreixanaCanal;;;;;;;;
1058;2022;31/05/2022;8:06;MasMel24;;;;;;;;
1059;2022;31/05/2022;8:26;MasMelPlanaAspa;;;;;;;;
1060;2022;31/05/2022;9:16;MasMelRiuSet;;;;;;;;
1061;2022;31/05/2022;9:27;MasMelBassaE;;;;;;;;
1062;2022;31/05/2022;9:40;MasMelBassaO;;;;;;;;
1063;2022;31/05/2022;10:06;MasMelTimoneda;;;;;;;;
1064;2022;01/06/2022;9:28;MasMelPleta;;;;;;;;
1065;2022;01/06/2022;9:36;MasMelPletaNO;;;;;;;;
1066;2022;01/06/2022;9:43;MasMelValldelsPous;;;;;;;;
1067;2022;01/06/2022;9:54;MasMelColladesO;;;;;;;;
1068;2022;01/06/2022;10:02;MasMelCollades;;;;;;;;
1069;2022;01/06/2022;11:55;BelpreixanaCometa;;;;;;;;
1070;2022;01/06/2022;12:04;BelpreixanaMontpla;;;;;;;;
1071;2022;01/06/2022;12:22;BelpreixanaMontreposSW;;;;;;;;
1072;2022;01/06/2022;12:40;BelpreixanaArbequi;;;;;;;;
1073;2022;01/06/2022;12:49;BelpreixanaCanal;;;;;;;;
1074;2022;01/06/2022;13:06;BelpreixanaBarquera;;;;;;;;
1075;2022;01/06/2022;13:14;BelpreixanaMontalba;;;;;;;;
1076;2022;01/06/2022;13:24;BelpreixanaFondoStJulia;;;;;;;;
1077;2022;01/06/2022;14:18;BelpreixanaSocarrades;;;;;;;;
1078;2022;01/06/2022;14:18;BelpreixanaCabanaCaçadors;;;;;;;;
1079;2022;01/06/2022;14:18;BelpreixanaDevesa;;;;;;;;
1080;2022;01/06/2022;14:18;BelpreixanaPedreres;;;;;;;;
1081;2022;01/06/2022;14:18;BelpreixanaMolars;;;;;;;;
1082;2022;01/06/2022;16:40;Bellmunt15;;;;;;;;
1083;2022;01/06/2022;16:40;Bellmunt13;;;;;;;;
1084;2022;01/06/2022;16:40;Bellmunt11;;;;;;;;
1085;2022;01/06/2022;16:40;Bellmunt8;;;;;;;;
1086;2022;01/06/2022;17:03;Bellmunt4;;;;;;;;
1087;2022;01/06/2022;17:03;Bellmunt4;;;;;;;;
1088;2022;01/06/2022;17:14;Bellmunt2;;;;;;;;
1089;2022;01/06/2022;17:14;Bellmunt2;;;;;;;;
1090;2022;01/06/2022;17:19;Bellmunt24;;;;;;;;
1091;2022;02/06/2022;13:00;Bellmunt16;;;;;;;;
1092;2022;02/06/2022;14:00;Bellmunt22;;;;;;;;
1093;2022;02/06/2022;14:17;Bellmunt23;;;;;;;;
1094;2022;02/06/2022;14:17;BellmuntTrepatBaixE;;;;;;;;
1095;2022;02/06/2022;14:17;BellmuntTrepatBaixO;;;;;;;;
1096;2022;02/06/2022;14:17;BellmuntAgramuntO;;;;;;;;
1097;2022;02/06/2022;15:03;BellmuntAgramuntE;;;;;;;;
1098;2022;02/06/2022;15:03;BellmuntTrepatBaixO;;;;;;;;
1099;2022;08/06/2022;16:22;MasMelTimoneda;;;;;;;;
1100;2022;08/06/2022;16:46;MasMelPlanaAspa;;;;;;;;
1101;2022;08/06/2022;;MasMelBassaE;;;;;;;;
1102;2022;08/06/2022;;MasMelBassaO;;;;;;;;
1103;2022;14/06/2022;10:28;MasMelPlanaAspa;;;;;;;;
1104;2022;14/06/2022;10:50;MasMelPleta;;;;;;;;
1105;2022;14/06/2022;11:12;MasMelPletaNO;;;;;;;;
1106;2022;14/06/2022;11:32;MasMelValldelsPous;;;;;;;;
1107;2022;14/06/2022;11:46;MasMelColladesO;;;;;;;;
1108;2022;14/06/2022;12:27;MasMelCollades;;;;;;;;
1109;2022;14/06/2022;13:00;MasMelTimoneda;;;;;;;;
1110;2022;14/06/2022;13:23;MasMel24;;;;;;;;
1111;2022;15/06/2022;NA;BelpreixanaMontpla;;;;;;;;
1112;2022;16/06/2022;NA;BelpreixanaBarquera;;;;;;;;
1113;2022;16/06/2022;NA;BelpreixanaMontalba;;;;;;;;
1114;2022;16/06/2022;NA;BelpreixanaFondoStJulia;;;;;;;;
1115;2022;09/06/2022;NA;MasMelTimoneda;;;;;;;;
1116;2022;14/06/2022;NA;MasMelPleta;;;;;;;;
1117;2022;14/06/2022;NA;MasMelColladesO;;;;;;;;
1118;2022;15/06/2022;NA;BelpreixanaCometa;;;;;;;;
1119;2022;16/06/2022;;BelpreixanaMontreposSW;;;;;;;;
1120;2022;16/06/2022;;BelpreixanaDevesa;;;;;;;;
1121;2022;20/06/2022;9:00;BelpreixanaMolars;;;;;;;;
1122;2022;20/06/2022;;BelpreixanaPedreres;;;;;;;;
1123;2022;20/06/2022;9:55;BelpreixanaCabanaCaçadors;;;;;;;;
1124;2022;20/06/2022;10:00;BelpreixanaSocarrades;;;;;;;;
1125;2022;20/06/2022;10:40;BelpreixanaCanal;;;;;;;;
1126;2022;23/06/2022;8:22;BelpreixanaArbequi;;;;;;;;
1127;2022;23/06/2022;8:46;BelpreixanaBarquera;;;;;;;;
1128;2022;23/06/2022;15:15;Bellmunt16;;;;;;;;
1129;2022;23/06/2022;15:35;Bellmunt20;;;;;;;;
1130;2022;23/06/2022;15:45;Bellmunt22;;;;;;;;
1131;2022;27/06/2022;9:04;BellmuntAgramuntE;;;;;;;;
1132;2022;27/06/2022;9:04;BellmuntAgramuntO;;;;;;;;
1133;2022;27/06/2022;9:04;BellmuntTrepatBaixE;;;;;;;;
1134;2022;27/06/2022;9:04;BellmuntTrepatBaixO;;;;;;;;
1135;2022;27/06/2022;11:00;Bellmunt23;;;;;;;;
1136;2022;27/06/2022;11:56;Bellmunt16;;;;;;;;
1137;2022;27/06/2022;12:31;Bellmunt15;;;;;;;;
1138;2022;27/06/2022;12:44;Bellmunt13;;;;;;;;
1139;2022;27/06/2022;13:02;Bellmunt11;;;;;;;;
1140;2022;27/06/2022;14:45;Bellmunt8;;;;;;;;
1141;2022;27/06/2022;15:24;Bellmunt24;;;;;;;;
1142;2022;27/06/2022;16:01;Bellmunt2;;;;;;;;
1143;2022;12/10/2022;12:00;Abocador Montoliu;;;;;;;;
1144;2022;21/11/2022;15:30;RocaGuilla;;;;;;;;
1145;2023;20/04/2023;9:43;Rabinat;;;;;;;;
1146;2023;20/04/2023;10:05;TossalFonta;;;;;;;;
1147;2023;21/04/2023;14:08;TossalFonta;;;;;;;;
1148;2023;21/04/2023;14:22;Rabinat;;;;;;;;
1149;2023;24/04/2023;8:52;Rabinat;;;;;;;;
1150;2023;24/04/2023;9:11;TossalFonta;;;;;;;;
1151;2023;25/04/2023;11:30;Rabinat;;;;;;;;
1152;2023;25/04/2023;11:42;TossalFonta;;;;;;;;
1153;2023;27/04/2023;16:38;TossalFonta;;;;;;;;
1154;2023;27/04/2023;17:38;Rabinat;;;;;;;;
1155;2023;28/04/2023;18:57;TossalFonta;;;;;;;;
1156;2023;28/04/2023;18:57;TossalFonta;;;;;;;;
1157;2023;28/04/2023;19:22;Rabinat;;;;;;;;
1158;2023;29/04/2023;15:48;TossalFonta;;;;;;;;
1159;2023;29/04/2023;16:43;Rabinat;;;;;;;;
1160;2023;30/04/2023;16:14;Rabinat;;;;;;;;
1161;2023;30/04/2023;16:55;TossalFonta;;;;;;;;
1162;2023;01/05/2023;17:59;Rabinat;;;;;;;;
1163;2023;01/05/2023;18:41;TossalFonta;;;;;;;;
1164;2023;02/05/2023;16:20;Rabinat;;;;;;;;
1165;2023;02/05/2023;17:11;TossalFonta;;;;;;;;
1166;2023;02/05/2023;18:02;Rabinat;;;;;;;;
1167;2023;03/05/2023;11:15;Rabinat;;;;;;;;
1168;2023;03/05/2023;12:09;TossalFonta;;;;;;;;
1169;2023;04/05/2023;18:55;Rabinat;;;;;;;;
1170;2023;04/05/2023;19:26;TossalFonta;;;;;;;;
1171;2023;05/05/2023;19:10;Rabinat;;;;;;;;
1172;2023;05/05/2023;19:56;TossalFonta;;;;;;;;
1173;2023;06/05/2023;17:02;Rabinat;;;;;;;;
1174;2023;06/05/2023;18:22;TossalFonta;;;;;;;;
1175;2023;07/05/2023;16:05;TossalFonta;;;;;;;;
1176;2023;07/05/2023;16:32;Rabinat;;;;;;;;
1177;2023;08/05/2023;9:15;Rabinat;;;;;;;;
1178;2023;08/05/2023;9:55;TossalFonta;;;;;;;;
1179;2023;09/05/2023;16:09;Rabinat;;;;;;;;
1180;2023;09/05/2023;17:05;TossalFonta;;;;;;;;
1181;2023;10/05/2023;16:13;TossalFonta;;;;;;;;
1182;2023;10/05/2023;17:03;Rabinat;;;;;;;;
1183;2023;11/05/2023;13:12;Rabinat;;;;;;;;
1184;2023;11/05/2023;14:02;TossalFonta;;;;;;;;
1185;2023;11/05/2023;20:00;Rabinat;;;;;;;;
1186;2023;12/05/2023;14:22;TossalFonta;;;;;;;;
1187;2023;12/05/2023;15:41;Rabinat;;;;;;;;
1188;2023;13/05/2023;9:20;Rabinat;;;;;;;;
1189;2023;13/05/2023;10:12;TossalFonta;;;;;;;;
1190;2023;14/05/2023;16:26;TossalFonta;;;;;;;;
1191;2023;14/05/2023;17:22;Rabinat;;;;;;;;
1192;2023;15/05/2023;9:59;Rabinat;;;;;;;;
1193;2023;15/05/2023;10:42;TossalFonta;;;;;;;;
1194;2023;16/05/2023;18:33;Rabinat;;;;;;;;
1195;2023;16/05/2023;19:35;TossalFonta;;;;;;;;
1196;2023;17/05/2023;14:45;TossalFonta;;;;;;;;
1197;2023;17/05/2023;15:18;Rabinat;;;;;;;;
1198;2023;18/05/2023;9:59;Rabinat;;;;;;;;
1199;2023;18/05/2023;10:48;TossalFonta;;;;;;;;
1200;2023;19/05/2023;13:29;Rabinat;;;;;;;;
1201;2023;19/05/2023;14:17;TossalFonta;;;;;;;;
1202;2023;21/05/2023;9:47;Rabinat;;;;;;;;
1203;2023;21/05/2023;11:04;TossalFonta;;;;;;;;
1204;2023;22/05/2023;8:35;Rabinat;;;;;;;;
1205;2023;22/05/2023;9:37;TossalFonta;;;;;;;;
1206;2023;23/05/2023;14:56;TossalFonta;;;;;;;;
1207;2023;23/05/2023;15:28;Rabinat;;;;;;;;
1208;2023;24/05/2023;8:49;Rabinat;;;;;;;;
1209;2023;24/05/2023;9:32;TossalFonta;;;;;;;;
1210;2023;25/05/2023;7:58;Rabinat;;;;;;;;
1211;2023;25/05/2023;8:36;TossalFonta;;;;;;;;
1212;2023;26/05/2023;8:04;Rabinat;;;;;;;;
1213;2023;26/05/2023;8:49;TossalFonta;;;;;;;;
1214;2023;26/05/2023;9:44;Rabinat;;;;;;;;
1215;2023;29/05/2023;9:26;Rabinat;;;;;;;;
1216;2023;29/05/2023;10:42;TossalFonta;;;;;;;;
1217;2023;30/05/2023;13:38;Rabinat;;;;;;;;
1218;2023;30/05/2023;14:31;TossalFonta;;;;;;;;
1219;2023;31/05/2023;19:12;TossalFonta;;;;;;;;
1220;2023;01/06/2023;8:02;TossalFonta;;;;;;;;
1221;2023;01/06/2023;8:39;Rabinat;;;;;;;;
1222;2023;01/06/2023;10:32;Rabinat;;;;;;;;
1223;2023;01/06/2023;9:54;TossalFonta;;;;;;;;
1224;2023;02/06/2023;16:46;Rabinat;;;;;;;;
1225;2023;02/06/2023;17:14;TossalFonta;;;;;;;;
1226;2023;05/06/2023;18:36;TossalFonta;;;;;;;;
1227;2023;05/06/2023;20:00;Rabinat;;;;;;;;
1228;2023;06/06/2023;15:53;TossalFonta;;;;;;;;
1229;2023;07/06/2023;13:20;TossalFonta;;;;;;;;
1230;2023;07/06/2023;15:03;TossalFonta;;;;;;;;
1231;2023;08/06/2023;19:28;TossalFonta;;;;;;;;
1232;2023;09/06/2023;17:19;Rabinat;;;;;;;;
1233;2023;09/06/2023;18:12;TossalFonta;;;;;;;;
1234;2023;12/06/2023;7:39;Rabinat;;;;;;;;
1235;2023;15/06/2023;16:37;Rabinat;;;;;;;;
1236;2023;15/06/2023;16:53;TossalFonta;;;;;;;;
1237;2023;21/06/2023;9:37;Rabinat;;;;;;;;
1238;2023;21/06/2023;10:28;TossalFonta;;;;;;;;
1239;2023;26/06/2023;15:02;TossalFonta;;;;;;;;
1240;2023;26/06/2023;15:16;Rabinat;;;;;;;;
1241;2023;03/07/2023;9:51;TossalFonta;;;;;;;;
1242;2023;18/07/2023;17:22;TossalFonta;;;;;;;;
1243;2023;20/04/2023;12:57;TossalRodo;;;;;;;;
1244;2023;20/04/2023;13:21;OsBalaguer;;;;;;;;
1245;2023;21/04/2023;11:29;OsBalaguer;;;;;;;;
1246;2023;21/04/2023;11:40;TossalRodo;;;;;;;;
1247;2023;24/04/2023;11:04;TossalRodo;;;;;;;;
1248;2023;24/04/2023;11:40;OsBalaguer;;;;;;;;
1249;2023;24/04/2023;12:07;Ivars;;;;;;;;
1250;2023;24/04/2023;13:45;MasMelTimoneda;;;;;;;;
1251;2023;24/04/2023;14:23;MasMelPlanaAspa;;;;;;;;
1252;2023;24/04/2023;15:12;MasMelRiuSet;;;;;;;;
1253;2023;24/04/2023;15:25;MasMelBassaE;;;;;;;;
1254;2023;24/04/2023;15:30;MasMelBassaO;;;;;;;;
1255;2023;24/04/2023;15:40;MasMelColladesO;;;;;;;;
1256;2023;24/04/2023;15:50;MasMelCollades;;;;;;;;
1257;2023;24/04/2023;16:37;MasMelPletaNO;;;;;;;;
1258;2023;24/04/2023;16:47;MasMelPleta;;;;;;;;
1259;2023;24/04/2023;16:05;MasMelValldelsPous;;;;;;;;
1260;2023;25/04/2023;16:16;OsBalaguer;;;;;;;;
1261;2023;25/04/2023;16:36;TossalRodo;;;;;;;;
1262;2023;28/04/2023;12:37;OsBalaguer;;;;;;;;
1263;2023;28/04/2023;13:21;TossalRodo;;;;;;;;
1264;2023;28/04/2023;18:13;BelpreixanaCanal;;;;;;;;
1265;2023;28/04/2023;18:45;BelpreixanaFondoStJulia;;;;;;;;
1266;2023;29/04/2023;11:18;OsBalaguer;;;;;;;;
1267;2023;29/04/2023;11:44;TossalRodo;;;;;;;;
1268;2023;29/04/2023;15:05;BelpreixanaMontalba;;;;;;;;
1269;2023;29/04/2023;15:22;BelpreixanaSocarrades;;;;;;;;
1270;2023;29/04/2023;15:32;BelpreixanaCabanaCaçadors;;;;;;;;
1271;2023;29/04/2023;16:21;BelpreixanaPedreres;;;;;;;;
1272;2023;29/04/2023;16:30;BelpreixanaDevesa;;;;;;;;
1273;2023;29/04/2023;17:19;BelpreixanaMolars;;;;;;;;
1274;2023;29/04/2023;17:40;BelpreixanaBarquera;;;;;;;;
1275;2023;30/04/2023;12:12;OsBalaguer;;;;;;;;
1276;2023;30/04/2023;12:57;TossalRodo;;;;;;;;
1277;2023;01/05/2023;13:12;OsBalaguer;;;;;;;;
1278;2023;01/05/2023;15:01;TossalRodo;;;;;;;;
1279;2023;02/05/2023;12:24;OsBalaguer;;;;;;;;
1280;2023;02/05/2023;13:05;TossalRodo;;;;;;;;
1281;2023;03/05/2023;8:22;OsBalaguer;;;;;;;;
1282;2023;03/05/2023;8:46;TossalRodo;;;;;;;;
1283;2023;04/05/2023;14:16;OsBalaguer;;;;;;;;
1284;2023;04/05/2023;15:37;TossalRodo;;;;;;;;
1285;2023;05/05/2023;8:47;MasMelValldelsPous;;;;;;;;
1286;2023;05/05/2023;8:57;MasMelColladesO;;;;;;;;
1287;2023;05/05/2023;9:13;MasMelCollades;;;;;;;;
1288;2023;05/05/2023;9:39;MasMelValldelMas;;;;;;;;
1289;2023;05/05/2023;10:06;MasMelPletaNO;;;;;;;;
1290;2023;05/05/2023;10:48;MasMelPlaPi;;;;;;;;
1291;2023;05/05/2023;11:00;MasMelRiuSet;;;;;;;;
1292;2023;05/05/2023;11:28;MasMelBassaE;;;;;;;;
1293;2023;05/05/2023;11:35;MasMelBassaO;;;;;;;;
1294;2023;05/05/2023;12:53;MasMelZonaAstor;;;;;;;;
1295;2023;05/05/2023;13:26;MasMelPlanaAspa;;;;;;;;
1296;2023;05/05/2023;13:56;MasMelTimoneda;;;;;;;;
1297;2023;05/05/2023;16:16;OsBalaguer;;;;;;;;
1298;2023;05/05/2023;16:40;TossalRodo;;;;;;;;
1299;2023;05/05/2023;10:15;MasMelPleta;;;;;;;;
1300;2023;06/05/2023;12:29;OsBalaguer;;;;;;;;
1301;2023;06/05/2023;13:00;TossalRodo;;;;;;;;
1302;2023;07/05/2023;12:14;OsBalaguer;;;;;;;;
1303;2023;07/05/2023;12:35;TossalRodo;;;;;;;;
1304;2023;08/05/2023;13:33;TossalRodo;;;;;;;;
1305;2023;08/05/2023;14:13;OsBalaguer;;;;;;;;
1306;2023;09/05/2023;11:16;OsBalaguer;;;;;;;;
1307;2023;09/05/2023;11:46;TossalRodo;;;;;;;;
1308;2023;10/05/2023;11:39;OsBalaguer;;;;;;;;
1309;2023;10/05/2023;12:33;TossalRodo;;;;;;;;
1310;2023;11/05/2023;10:30;OsBalaguer;;;;;;;;
1311;2023;11/05/2023;11:07;TossalRodo;;;;;;;;
1312;2023;12/05/2023;8:19;OsBalaguer;;;;;;;;
1313;2023;12/05/2023;8:50;TossalRodo;;;;;;;;
1314;2023;13/05/2023;12:56;TossalRodo;;;;;;;;
1315;2023;13/05/2023;14:29;OsBalaguer;;;;;;;;
1316;2023;14/05/2023;12:17;OsBalaguer;;;;;;;;
1317;2023;14/05/2023;13:17;TossalRodo;;;;;;;;
1318;2023;15/05/2023;12:51;TossalRodo;;;;;;;;
1319;2023;15/05/2023;13:18;OsBalaguer;;;;;;;;
1320;2023;16/05/2023;11:22;OsBalaguer;;;;;;;;
1321;2023;16/05/2023;12:02;TossalRodo;;;;;;;;
1322;2023;16/05/2023;13:53;Bellmunt1;;;;;;;;
1323;2023;16/05/2023;14:15;Bellmunt2;;;;;;;;
1324;2023;16/05/2023;14:22;Bellmunt24;;;;;;;;
1325;2023;16/05/2023;15:15;Bellmunt10;;;;;;;;
1326;2023;16/05/2023;15:25;Bellmunt11;;;;;;;;
1327;2023;16/05/2023;15:47;Bellmunt15;;;;;;;;
1328;2023;16/05/2023;16:14;Bellmunt16;;;;;;;;
1329;2023;16/05/2023;16:24;Bellmunt19;;;;;;;;
1330;2023;16/05/2023;17:32;BellmuntAgramuntO;;;;;;;;
1331;2023;16/05/2023;14:30;Bellmunt4;;;;;;;;
1332;2023;16/05/2023;15:00;Bellmunt8;;;;;;;;
1333;2023;16/05/2023;15:30;Bellmunt13;;;;;;;;
1334;2023;16/05/2023;16:45;Bellmunt20;;;;;;;;
1335;2023;16/05/2023;17:10;Bellmunt22;;;;;;;;
1336;2023;16/05/2023;17:50;BellmuntTrepatBaixO;;;;;;;;
1337;2023;16/05/2023;18:05;BellmuntTrepatBaixE;;;;;;;;
1338;2023;17/05/2023;11:47;OsBalaguer;;;;;;;;
1339;2023;17/05/2023;12:11;TossalRodo;;;;;;;;
1340;2023;18/05/2023;13:36;TossalRodo;;;;;;;;
1341;2023;18/05/2023;13:51;OsBalaguer;;;;;;;;
1342;2023;19/05/2023;9:43;OsBalaguer;;;;;;;;
1343;2023;19/05/2023;10:14;TossalRodo;;;;;;;;
1344;2023;22/05/2023;12:40;TossalRodo;;;;;;;;
1345;2023;22/05/2023;13:16;OsBalaguer;;;;;;;;
1346;2023;22/05/2023;15:56;MasMelTimoneda;;;;;;;;
1347;2023;22/05/2023;16:50;MasMelRiuSet;;;;;;;;
1348;2023;22/05/2023;17:20;MasMelBassaE;;;;;;;;
1349;2023;22/05/2023;17:46;MasMelColladesO;;;;;;;;
1350;2023;22/05/2023;17:53;MasMelCollades;;;;;;;;
1351;2023;22/05/2023;18:34;MasMelPletaNO;;;;;;;;
1352;2023;22/05/2023;18:34;MasMelPleta;;;;;;;;
1353;2023;22/05/2023;18:55;MasMelValldelsPous;;;;;;;;
1354;2023;22/05/2023;16:20;MasMelPlaPi;;;;;;;;
1355;2023;22/05/2023;17:30;MasMelBassaO;;;;;;;;
1356;2023;22/05/2023;19:10;MasMelValldelMas;;;;;;;;
1357;2023;23/05/2023;10:05;MasMelPlanaAspa;;;;;;;;
1358;2023;23/05/2023;10:35;MasMelZonaAstor;;;;;;;;
1359;2023;23/05/2023;11:48;OsBalaguer;;;;;;;;
1360;2023;23/05/2023;12:14;TossalRodo;;;;;;;;
1361;2023;24/05/2023;8:39;BelpreixanaMolars;;;;;;;;
1362;2023;24/05/2023;8:50;BelpreixanaPedreres;;;;;;;;
1363;2023;24/05/2023;8:55;BelpreixanaDevesa;;;;;;;;
1364;2023;24/05/2023;8:55;BelpreixanaCabanaCaçadors;;;;;;;;
1365;2023;24/05/2023;10:18;BelpreixanaSocarrades;;;;;;;;
1366;2023;24/05/2023;10:18;BelpreixanaFondoStJulia;;;;;;;;
1367;2023;24/05/2023;10:51;BelpreixanaMontalba;;;;;;;;
1368;2023;24/05/2023;10:59;BelpreixanaBarquera;;;;;;;;
1369;2023;24/05/2023;11:12;BelpreixanaCanal;;;;;;;;
1370;2023;24/05/2023;11:35;BelpreixanaArbequi;;;;;;;;
1371;2023;24/05/2023;12:25;BelpreixanaCometa;;;;;;;;
1372;2023;24/05/2023;12:30;BelpreixanaMontpla;;;;;;;;
1373;2023;24/05/2023;15:31;TossalRodo;;;;;;;;
1374;2023;24/05/2023;16:07;OsBalaguer;;;;;;;;
1375;2023;24/05/2023;11:50;BelpreixanaMontreposSW;;;;;;;;
1376;2023;24/05/2023;12:00;BelpreixanaMontreposNW;;;;;;;;
1377;2023;24/05/2023;12:10;BelpreixanaMontreposNE;;;;;;;;
1378;2023;25/05/2023;13:36;Ivars;;;;;;;;
1379;2023;25/05/2023;14:35;OsBalaguer;;;;;;;;
1380;2023;25/05/2023;14:51;TossalRodo;;;;;;;;
1381;2023;26/05/2023;15:18;Ivars;;;;;;;;
1382;2023;26/05/2023;15:40;OsBalaguer;;;;;;;;
1383;2023;26/05/2023;16:29;TossalRodo;;;;;;;;
1384;2023;29/05/2023;13:26;TossalRodo;;;;;;;;
1385;2023;29/05/2023;14:40;OsBalaguer;;;;;;;;
1386;2023;29/05/2023;15:04;Ivars;;;;;;;;
1387;2023;30/05/2023;10:34;OsBalaguer;;;;;;;;
1388;2023;30/05/2023;11:06;TossalRodo;;;;;;;;
1389;2023;31/05/2023;12:56;Ivars;;;;;;;;
1390;2023;31/05/2023;13:33;TossalRodo;;;;;;;;
1391;2023;31/05/2023;14:25;Ivars;;;;;;;;
1392;2023;01/06/2023;14:36;TossalRodo;;;;;;;;
1393;2023;02/06/2023;12:52;OsBalaguer;;;;;;;;
1394;2023;02/06/2023;13:52;TossalRodo;;;;;;;;
1395;2023;05/06/2023;14:25;Ivars;;;;;;;;
1396;2023;05/06/2023;14:55;TossalRodo;;;;;;;;
1397;2023;06/06/2023;12:19;OsBalaguer;;;;;;;;
1398;2023;06/06/2023;13:08;TossalRodo;;;;;;;;
1399;2023;07/06/2023;NA;TossalRodo;;;;;;;;
1400;2023;08/06/2023;15:24;TossalRodo;;;;;;;;
1401;2023;08/06/2023;16:25;Ivars;;;;;;;;
1402;2023;08/06/2023;17:21;TossalRodo;;;;;;;;
1403;2023;08/06/2023;NA;Ivars;;;;;;;;
1404;2023;09/06/2023;14:21;OsBalaguer;;;;;;;;
1405;2023;09/06/2023;14:57;TossalRodo;;;;;;;;
1406;2023;12/06/2023;9:25;BelpreixanaSocarrades;;;;;;;;
1407;2023;12/06/2023;14:07;TossalRodo;;;;;;;;
1408;2023;13/06/2023;13:23;TossalRodo;;;;;;;;
1409;2023;13/06/2023;15:03;OsBalaguer;;;;;;;;
1410;2023;13/06/2023;15:30;Ivars;;;;;;;;
1411;2023;15/06/2023;11:10;MasMelPlaPi;;;;;;;;
1412;2023;15/06/2023;12:26;MasMelBassaO;;;;;;;;
1413;2023;15/06/2023;14:41;TossalRodo;;;;;;;;
1414;2023;16/06/2023;9:51;Ivars;;;;;;;;
1415;2023;16/06/2023;10:17;OsBalaguer;;;;;;;;
1416;2023;16/06/2023;10:38;TossalRodo;;;;;;;;
1417;2023;19/06/2023;9:30;BellmuntAgramuntO;;;;;;;;
1418;2023;19/06/2023;10:52;Bellmunt15;;;;;;;;
1419;2023;19/06/2023;11:37;Bellmunt11;;;;;;;;
1420;2023;19/06/2023;13:31;Bellmunt24;;;;;;;;
1421;2023;19/06/2023;15:14;BelpreixanaArbequi;;;;;;;;
1422;2023;19/06/2023;16:00;BelpreixanaMontreposNW;;;;;;;;
1423;2023;21/06/2023;13:08;OsBalaguer;;;;;;;;
1424;2023;21/06/2023;14:44;TossalRodo;;;;;;;;
1425;2023;21/06/2023;15:31;Ivars;;;;;;;;
1426;2023;26/06/2023;11:56;Ivars;;;;;;;;
1427;2023;26/06/2023;12:29;OsBalaguer;;;;;;;;
1428;2023;26/06/2023;12:48;TossalRodo;;;;;;;;
1429;2023;29/06/2023;10:43;OsBalaguer;;;;;;;;
1430;2023;29/06/2023;11:02;TossalRodo;;;;;;;;
1431;2023;18/07/2023;14:06;OsBalaguer;;;;;;;;
1432;2023;18/07/2023;14:33;TossalRodo;;;;;;;;
1433;2023;20/04/2023;11:46;Cadolles;;;;;;;;
1434;2023;21/04/2023;13:24;Cadolles;;;;;;;;
1435;2023;24/04/2023;10:24;Cadolles;;;;;;;;
1436;2023;25/04/2023;17:59;Cadolles;;;;;;;;
1437;2023;28/04/2023;14:58;Cadolles;;;;;;;;
1438;2023;29/04/2023;12:41;Cadolles;;;;;;;;
1439;2023;30/04/2023;14:43;Cadolles;;;;;;;;
1440;2023;01/05/2023;16:39;Cadolles;;;;;;;;
1441;2023;02/05/2023;15:10;Cadolles;;;;;;;;
1442;2023;03/05/2023;9:41;Cadolles;;;;;;;;
1443;2023;04/05/2023;15:54;Cadolles;;;;;;;;
1444;2023;05/05/2023;17:40;Cadolles;;;;;;;;
1445;2023;06/05/2023;15:12;Cadolles;;;;;;;;
1446;2023;07/05/2023;14:41;Cadolles;;;;;;;;
1447;2023;08/05/2023;11:57;Cadolles;;;;;;;;
1448;2023;09/05/2023;13:25;Cadolles;;;;;;;;
1449;2023;10/05/2023;14:36;Cadolles;;;;;;;;
1450;2023;11/05/2023;18:46;Cadolles;;;;;;;;
1451;2023;12/05/2023;12:26;Cadolles;;;;;;;;
1452;2023;13/05/2023;11:35;Cadolles;;;;;;;;
1453;2023;14/05/2023;15:20;Cadolles;;;;;;;;
1454;2023;15/05/2023;11:59;Cadolles;;;;;;;;
1455;2023;16/05/2023;15:48;Cadolles;;;;;;;;
1456;2023;16/05/2023;17:13;Al costat del canal;;;;;;;;
1457;2023;17/05/2023;12:54;Cadolles;;;;;;;;
1458;2023;18/05/2023;12:17;Cadolles;;;;;;;;
1459;2023;19/05/2023;11:56;Cadolles;;;;;;;;
1460;2023;21/05/2023;17:43;Cadolles;;;;;;;;
1461;2023;22/05/2023;11:42;Cadolles;;;;;;;;
1462;2023;23/05/2023;13:03;Cadolles;;;;;;;;
1463;2023;24/05/2023;14:01;Cadolles;;;;;;;;
1464;2023;25/05/2023;15:34;Cadolles;;;;;;;;
1465;2023;26/05/2023;17:34;Cadolles;;;;;;;;
1466;2023;29/05/2023;12:00;Cadolles;;;;;;;;
1467;2023;30/05/2023;12:01;Cadolles;;;;;;;;
1468;2023;31/05/2023;16:25;Cadolles;;;;;;;;
1469;2023;01/06/2023;12:49;Cadolles;;;;;;;;
1470;2023;02/06/2023;15:21;Cadolles;;;;;;;;
1471;2023;05/06/2023;15:51;Cadolles;;;;;;;;
1472;2023;06/06/2023;15:00;Cadolles;;;;;;;;
1473;2023;07/06/2023;16:53;Cadolles;;;;;;;;
1474;2023;08/06/2023;18:22;Cadolles;;;;;;;;
1475;2023;09/06/2023;15:48;Cadolles;;;;;;;;
1476;2023;12/06/2023;11:56;Cadolles;;;;;;;;
1477;2023;13/06/2023;16:59;Cadolles;;;;;;;;
1478;2023;14/06/2023;15:27;Cadolles;;;;;;;;
1479;2023;15/06/2023;15:30;Cadolles;;;;;;;;
1480;2023;16/06/2023;12:02;Cadolles;;;;;;;;
1481;2023;19/06/2023;10:56;Cadolles;;;;;;;;
1482;2023;21/06/2023;11:52;Cadolles;;;;;;;;
1483;2023;26/06/2023;14:00;Cadolles;;;;;;;;
1484;2023;20/04/2023;16:24:00;RocaGuilla;;;;;;;;
1485;2023;20/04/2023;17:36:00;Palmero;;;;;;;;
1486;2023;20/04/2023;18:16:00;PlaRoquis;;;;;;;;
1487;2023;20/04/2023;19:07:00;ValldelsPous;;;;;;;;
1488;2023;21/04/2023;8:23:00;ValldelsPous;;;;;;;;
1489;2023;21/04/2023;8:43:00;PlaRoquis;;;;;;;;
1490;2023;21/04/2023;9:25:00;Palmero;;;;;;;;
1491;2023;21/04/2023;9:52:00;RocaGuilla;;;;;;;;
1492;2023;24/04/2023;14:01:00;Palmero;;;;;;;;
1493;2023;24/04/2023;14:44:00;PlaRoquis;;;;;;;;
1494;2023;24/04/2023;16:18:00;ValldelsPous;;;;;;;;
1495;2023;24/04/2023;18:00:00;RocaGuilla;;;;;;;;
1496;2023;25/04/2023;9:05:00;RocaGuilla;;;;;;;;
1497;2023;25/04/2023;14:11:00;Palmero;;;;;;;;
1498;2023;25/04/2023;14:32:00;PlaRoquis;;;;;;;;
1499;2023;25/04/2023;15:14:00;ValldelsPous;;;;;;;;
1500;2023;27/04/2023;10:04:00;ValldelsPous;;;;;;;;
1501;2023;27/04/2023;11:47:00;PlaRoquis;;;;;;;;
1502;2023;27/04/2023;12:38:00;Palmero;;;;;;;;
1503;2023;27/04/2023;13:36:00;RocaGuilla;;;;;;;;
1504;2023;28/04/2023;8:18:00;ValldelsPous;;;;;;;;
1505;2023;28/04/2023;8:50:00;PlaRoquis;;;;;;;;
1506;2023;28/04/2023;9:21:00;Palmero;;;;;;;;
1507;2023;28/04/2023;10:06:00;camp;;;;;;;;
1508;2023;28/04/2023;10:10:00;RocaGuilla;;;;;;;;
1509;2023;29/04/2023;8:02:00;ValldelsPous;;;;;;;;
1510;2023;29/04/2023;8:32:00;PlaRoquis;;;;;;;;
1511;2023;29/04/2023;9:02:00;Palmero;;;;;;;;
1512;2023;29/04/2023;9:45:00;RocaGuilla;;;;;;;;
1513;2023;29/04/2023;9:45:00;camp;;;;;;;;
1514;2023;29/04/2023;18:52:00;RocaGuilla;;;;;;;;
1515;2023;30/04/2023;8:10:00;ValldelsPous;;;;;;;;
1516;2023;30/04/2023;8:44:00;PlaRoquis;;;;;;;;
1517;2023;30/04/2023;9:24:00;Palmero;;;;;;;;
1518;2023;30/04/2023;10:01:00;RocaGuilla;;;;;;;;
1519;2023;01/05/2023;9:17:00;ValldelsPous;;;;;;;;
1520;2023;01/05/2023;10:33:00;PlaRoquis;;;;;;;;
1521;2023;01/05/2023;11:28:00;RocaGuilla;;;;;;;;
1522;2023;02/05/2023;7:56:00;ValldelsPous;;;;;;;;
1523;2023;02/05/2023;8:44:00;RocaGuilla;;;;;;;;
1524;2023;02/05/2023;10:04:00;PlaRoquis;;;;;;;;
1525;2023;03/05/2023;13:45:00;RocaGuilla;;;;;;;;
1526;2023;03/05/2023;14:34:00;PlaRoquis;;;;;;;;
1527;2023;03/05/2023;15:58:00;ValldelsPous;;;;;;;;
1528;2023;04/05/2023;10:08:00;ValldelsPous;;;;;;;;
1529;2023;04/05/2023;11:02:00;PlaRoquis;;;;;;;;
1530;2023;04/05/2023;12:11:00;RocaGuilla;;;;;;;;
1531;2023;05/05/2023;8:19:00;ValldelsPous;;;;;;;;
1532;2023;05/05/2023;12:03:00;PlaRoquis;;;;;;;;
1533;2023;05/05/2023;14:24:00;RocaGuilla;;;;;;;;
1534;2023;06/05/2023;8:32:00;ValldelsPous;;;;;;;;
1535;2023;06/05/2023;9:16:00;PlaRoquis;;;;;;;;
1536;2023;06/05/2023;10:18:00;RocaGuilla;;;;;;;;
1537;2023;07/05/2023;9:26:00;RocaGuilla;;;;;;;;
1538;2023;07/05/2023;10:32:00;ValldelsPous;;;;;;;;
1539;2023;07/05/2023;10:56:00;PlaRoquis;;;;;;;;
1540;2023;08/05/2023;16:10:00;ValldelsPous;;;;;;;;
1541;2023;08/05/2023;16:40:00;PlaRoquis;;;;;;;;
1542;2023;08/05/2023;17:45:00;RocaGuilla;;;;;;;;
1543;2023;09/05/2023;8:07:00;ValldelsPous;;;;;;;;
1544;2023;09/05/2023;8:29:00;camp;;;;;;;;
1545;2023;09/05/2023;8:41:00;PlaRoquis;;;;;;;;
1546;2023;09/05/2023;9:30:00;RocaGuilla;;;;;;;;
1547;2023;10/05/2023;8:02:00;ValldelsPous;;;;;;;;
1548;2023;10/05/2023;8:43:00;PlaRoquis;;;;;;;;
1549;2023;10/05/2023;9:47:00;RocaGuilla;;;;;;;;
1550;2023;11/05/2023;15:11:00;RocaGuilla;;;;;;;;
1551;2023;11/05/2023;16:06:00;PlaRoquis;;;;;;;;
1552;2023;11/05/2023;16:52:00;ValldelsPous;;;;;;;;
1553;2023;12/05/2023;9:52:00;RocaGuilla;;;;;;;;
1554;2023;12/05/2023;10:32:00;ValldelsPous;;;;;;;;
1555;2023;12/05/2023;11:11:00;PlaRoquis;;;;;;;;
1556;2023;13/05/2023;16:02:00;ValldelsPous;;;;;;;;
1557;2023;13/05/2023;17:20:00;PlaRoquis;;;;;;;;
1558;2023;13/05/2023;18:15:00;RocaGuilla;;;;;;;;
1559;2023;14/05/2023;8:05:00;ValldelsPous;;;;;;;;
1560;2023;14/05/2023;9:24:00;PlaRoquis;;;;;;;;
1561;2023;14/05/2023;10:20:00;RocaGuilla;;;;;;;;
1562;2023;15/05/2023;15:32:00;RocaGuilla;;;;;;;;
1563;2023;15/05/2023;16:36:00;PlaRoquis;;;;;;;;
1564;2023;15/05/2023;17:16:00;ValldelsPous;;;;;;;;
1565;2023;16/05/2023;8:13:00;ValldelsPous;;;;;;;;
1566;2023;16/05/2023;9:00:00;PlaRoquis;;;;;;;;
1567;2023;16/05/2023;9:42:00;RocaGuilla;;;;;;;;
1568;2023;17/05/2023;8:31:00;PlaRoquis;;;;;;;;
1569;2023;17/05/2023;9:03:00;RocaGuilla;;;;;;;;
1570;2023;17/05/2023;9:43:00;ValldelsPous;;;;;;;;
1571;2023;17/05/2023;10:22:00;ValldelsPous;;;;;;;;
1572;2023;18/05/2023;16:48:00;RocaGuilla;;;;;;;;
1573;2023;18/05/2023;17:37:00;PlaRoquis;;;;;;;;
1574;2023;18/05/2023;18:32:00;ValldelsPous;;;;;;;;
1575;2023;19/05/2023;6:39:00;ValldelsPous;;;;;;;;
1576;2023;19/05/2023;7:27:00;PlaRoquis;;;;;;;;
1577;2023;19/05/2023;8:04:00;RocaGuilla;;;;;;;;
1578;2023;21/05/2023;12:58:00;ValldelsPous;;;;;;;;
1579;2023;21/05/2023;14:43:00;PlaRoquis;;;;;;;;
1580;2023;21/05/2023;15:41:00;RocaGuilla;;;;;;;;
1581;2023;22/05/2023;14:26:00;RocaGuilla;;;;;;;;
1582;2023;22/05/2023;16:12:00;PlaRoquis;;;;;;;;
1583;2023;22/05/2023;18:02:00;ValldelsPous;;;;;;;;
1584;2023;23/05/2023;7:45:00;ValldelsPous;;;;;;;;
1585;2023;23/05/2023;8:22:00;PlaRoquis;;;;;;;;
1586;2023;23/05/2023;8:51:00;RocaGuilla;;;;;;;;
1587;2023;24/05/2023;17:42:00;RocaGuilla;;;;;;;;
1588;2023;24/05/2023;18:28:00;ValldelsPous;;;;;;;;
1589;2023;25/05/2023;9:48:00;ValldelsPous;;;;;;;;
1590;2023;25/05/2023;10:40:00;PlaRoquis;;;;;;;;
1591;2023;25/05/2023;11:56:00;RocaGuilla;;;;;;;;
1592;2023;26/05/2023;10:41:00;RocaGuilla;;;;;;;;
1593;2023;26/05/2023;11:42:00;PlaRoquis;;;;;;;;
1594;2023;26/05/2023;12:30:00;ValldelsPous;;;;;;;;
1595;2023;26/05/2023;13:25:00;PlaRoquis;;;;;;;;
1596;2023;29/05/2023;16:04:00;ValldelsPous;;;;;;;;
1597;2023;29/05/2023;16:49:00;PlaRoquis;;;;;;;;
1598;2023;29/05/2023;17:55:00;RocaGuilla;;;;;;;;
1599;2023;30/05/2023;7:57:00;ValldelsPous;;;;;;;;
1600;2023;30/05/2023;8:34:00;RocaGuilla;;;;;;;;
1601;2023;31/05/2023;8:52:00;RocaGuilla;;;;;;;;
1602;2023;31/05/2023;10:38:00;RocaGuilla;;;;;;;;
1603;2023;01/06/2023;16:25:00;RocaGuilla;;;;;;;;
1604;2023;01/06/2023;17:05:00;PlaRoquis;;;;;;;;
1605;2023;01/06/2023;17:55:00;ValldelsPous;;;;;;;;
1606;2023;01/06/2023;18:37:00;PlaRoquis;;;;;;;;
1607;2023;01/06/2023;19:19:00;ValldelsPous;;;;;;;;
1608;2023;02/06/2023;7:48:00;ValldelsPous;;;;;;;;
1609;2023;02/06/2023;9:11:00;PlaRoquis;;;;;;;;
1610;2023;02/06/2023;10:15:00;RocaGuilla;;;;;;;;
1611;2023;05/06/2023;9:35:00;RocaGuilla;;;;;;;;
1612;2023;05/06/2023;11:04:00;PlaRoquis;;;;;;;;
1613;2023;05/06/2023;12:13:00;ValldelsPous;;;;;;;;
1614;2023;06/06/2023;7:31:00;RocaGuilla;;;;;;;;
1615;2023;06/06/2023;8:41:00;ValldelsPous;;;;;;;;
1616;2023;06/06/2023;9:40:00;RocaGuilla;;;;;;;;
1617;2023;07/06/2023;9:32:00;RocaGuilla;;;;;;;;
1618;2023;07/06/2023;10:36:00;PlaRoquis;;;;;;;;
1619;2023;07/06/2023;11:18:00;RocaGuilla;;;;;;;;
1620;2023;07/06/2023;12:39:00;PlaRoquis;;;;;;;;
1621;2023;08/06/2023;7:28:00;PlaRoquis;;;;;;;;
1622;2023;08/06/2023;8:40:00;PlaRoquis;;;;;;;;
1623;2023;08/06/2023;9:33:00;RocaGuilla;;;;;;;;
1624;2023;08/06/2023;10:25:00;ValldelsPous;;;;;;;;
1625;2023;08/06/2023;11:02:00;RocaGuilla;;;;;;;;
1626;2023;08/06/2023;12:25:00;ValldelsPous;;;;;;;;
1627;2023;09/06/2023;7:35:00;RocaGuilla;;;;;;;;
1628;2023;09/06/2023;8:49:00;PlaRoquis;;;;;;;;
1629;2023;09/06/2023;9:50:00;ValldelsPous;;;;;;;;
1630;2023;12/06/2023;15:45:00;RocaGuilla;;;;;;;;
1631;2023;12/06/2023;16:44:00;PlaRoquis;;;;;;;;
1632;2023;12/06/2023;17:23:00;ValldelsPous;;;;;;;;
1633;2023;13/06/2023;7:37:00;RocaGuilla;;;;;;;;
1634;2023;13/06/2023;9:17:00;RocaGuilla;;;;;;;;
1635;2023;13/06/2023;11:46:00;ValldelsPous;;;;;;;;
1636;2023;14/06/2023;10:46:00;RocaGuilla;;;;;;;;
1637;2023;14/06/2023;12:26:00;RocaGuilla;;;;;;;;
1638;2023;15/06/2023;7:40:00;RocaGuilla;;;;;;;;
1639;2023;15/06/2023;9:13:00;RocaGuilla;;;;;;;;
1640;2023;16/06/2023;7:31:00;ValldelsPous;;;;;;;;
1641;2023;16/06/2023;7:52:00;PlaRoquis;;;;;;;;
1642;2023;16/06/2023;8:56:00;RocaGuilla;;;;;;;;
1643;2023;21/06/2023;16:52:00;RocaGuilla;;;;;;;;
1644;2023;21/06/2023;17:52:00;PlaRoquis;;;;;;;;
1645;2023;21/06/2023;18:54:00;ValldelsPous;;;;;;;;
1646;2023;22/06/2023;8:46:00;RocaGuilla;;;;;;;;
1647;2023;22/06/2023;9:31:00;RocaGuilla;;;;;;;;
1648;2023;22/06/2023;10:21:00;RocaGuilla;;;;;;;;
1649;2023;26/06/2023;9:00:00;RocaGuilla;;;;;;;;
1650;2023;26/06/2023;10:26:00;PlaRoquis;;;;;;;;
1651;2023;26/06/2023;10:52:00;ValldelsPous;;;;;;;;
1652;2023;29/06/2023;9:20:00;RocaGuilla;;;;;;;;
1653;2023;03/07/2023;11:45:00;PlaRoquis;;;;;;;;
1654;2023;03/07/2023;12:22:00;RocaGuilla;;;;;;;;
1655;2023;07/07/2023;10:16:00;RocaGuilla;;;;;;;;
1656;2023;18/07/2023;9:12:00;RocaGuilla;;;;;;;;
1657;2023;01/03/2023;9:10:00;RocaGuilla;;;;;;;;
1658;2023;01/03/2023;12:00:00;Palmero;;;;;;;;
1659;2023;10/03/2023;9:30;RocaGuilla;;;;;;;;
1660;2023;10/03/2023;16:10;TossalRodo;;;;;;;;
1661;2023;15/03/2023;13:05;RocaGuilla;;;;;;;;
1662;2023;21/03/2023;9:48;RocaGuilla;;;;;;;;
1663;2023;21/03/2023;13:15;Ivars;;;;;;;;
1664;2023;27/03/2023;9:19;RocaGuilla;;;;;;;;
1665;2023;27/03/2023;13:46;Ivars;;;;;;;;
1666;2023;27/03/2023;15:22;TossalRodo;;;;;;;;
1667;2023;27/03/2023;17:23;TossalFonta;;;;;;;;
1668;2023;31/03/2023;8:19;RocaGuilla;;;;;;;;
1669;2023;18/04/2023;8:30;TossalFonta;;;;;;;;
1670;2023;18/04/2023;10:21;RocaGuilla;;;;;;;;
1671;2023;18/04/2023;14:06;TossalRodo;;;;;;;;
1672;2023;01/04/2023;10:00;RocaGuilla;;;;;;;;
